[
  {
    "id": "ed1c579c-901c-4b1e-90b0-e28241a07e61",
    "name": "Horizontal Team",
    "description": "Temporary team for Horizontal Digital consultants to assist with SalesForce integration.",
    "isDefault": "false"
  },
  {
    "id": "e1c53fda-5e5a-4e41-b8ff-928a4d206ab9",
    "name": "Mortenson Team",
    "description": "Sitecore 9.1 primary team.",
    "isDefault": "true"
  },
  {
    "id": "34398880-097e-45d1-b465-110aa907626e",
    "name": "Horizontal Managed Service Team",
    "description": "Horizontal Team",
    "isDefault": "false"
  }
]