{
  "count": 9,
  "value": [
    {
      "id": 1347,
      "rev": 13,
      "fields": {
        "System.AreaPath": "Mortenson",
        "System.TeamProject": "Mortenson",
        "System.IterationPath": "$ProjectName$\\Iteration 1",
        "System.WorkItemType": "Bug",
        "System.State": "Closed",
        "System.Reason": "Verified",
        "System.CreatedDate": "2019-05-03T15:51:10.033Z",
        "System.CreatedBy": "Zach A. Trocinski <ztrocinski-a@rbaconsulting.com>",
        "System.ChangedDate": "2019-07-09T15:14:06.513Z",
        "System.ChangedBy": "Zach A. Trocinski <ztrocinski-a@rbaconsulting.com>",
        "System.Title": "Application Insights not Showing Any Graphs",
        "Microsoft.VSTS.Scheduling.Effort": 0.0,
        "System.Description": null,
        "System.AssignedTo": "Mike.Goracke <Mike.Goracke@mortenson.com>",
        "Microsoft.VSTS.Scheduling.RemainingWork": 0.0,
        "Microsoft.VSTS.Common.Priority": 2.0,
        "System.BoardLane": null,
        "System.Tags": "QA'd",
        "Microsoft.VSTS.TCM.Steps": null,
        "Microsoft.VSTS.TCM.Parameters": null,
        "Microsoft.VSTS.TCM.LocalDataSource": null,
        "Microsoft.VSTS.TCM.AutomationStatus": null,
        "System.History": null
      },
      "relations": [
        {
          "rel": "ArtifactLink",
          "url": "vstfs:///Git/PullRequestId/d58a2f78-779c-4cf7-a94d-476439870fcd%2f1b993b01-e87f-4dd2-b9ac-046ddb399306%2f147",
          "attributes": {
            "authorizedDate": "2019-05-06T20:32:51.343Z",
            "id": "1439648",
            "resourceCreatedDate": "2019-05-06T20:32:51.343Z",
            "resourceModifiedDate": "2019-05-06T20:32:51.343Z",
            "revisedDate": "9999-01-01T00:00:00Z",
            "name": "Pull Request"
          }
        },
        {
          "rel": "ArtifactLink",
          "url": "vstfs:///Build/Build/1351",
          "attributes": {
            "authorizedDate": "2019-05-07T04:03:57.687Z",
            "id": "1439991",
            "resourceCreatedDate": "2019-05-07T04:03:57.687Z",
            "resourceModifiedDate": "2019-05-07T04:03:57.687Z",
            "revisedDate": "9999-01-01T00:00:00Z",
            "comment": "This build was automatically linked to this work item based on this work item's linked commits",
            "name": "Integrated in build"
          }
        },
        {
          "rel": "ArtifactLink",
          "url": "vstfs:///Build/Build/1665",
          "attributes": {
            "authorizedDate": "2019-07-09T15:14:06.513Z",
            "id": "1535638",
            "resourceCreatedDate": "2019-07-09T15:14:06.513Z",
            "resourceModifiedDate": "2019-07-09T15:14:06.513Z",
            "revisedDate": "9999-01-01T00:00:00Z",
            "comment": "This build was automatically linked to this work item based on this work item's linked commits",
            "name": "Integrated in build"
          }
        },
        {
          "rel": "ArtifactLink",
          "url": "vstfs:///Build/Build/1658",
          "attributes": {
            "authorizedDate": "2019-07-05T15:12:58.05Z",
            "id": "1531263",
            "resourceCreatedDate": "2019-07-05T15:12:58.05Z",
            "resourceModifiedDate": "2019-07-05T15:12:58.05Z",
            "revisedDate": "9999-01-01T00:00:00Z",
            "comment": "This build was automatically linked to this work item based on this work item's linked commits",
            "name": "Integrated in build"
          }
        },
        {
          "rel": "ArtifactLink",
          "url": "vstfs:///Build/Build/1369",
          "attributes": {
            "authorizedDate": "2019-05-08T20:10:32.49Z",
            "id": "1443611",
            "resourceCreatedDate": "2019-05-08T20:10:32.49Z",
            "resourceModifiedDate": "2019-05-08T20:10:32.49Z",
            "revisedDate": "9999-01-01T00:00:00Z",
            "comment": "This build was automatically linked to this work item based on this work item's linked commits",
            "name": "Integrated in build"
          }
        },
        {
          "rel": "ArtifactLink",
          "url": "vstfs:///Git/Commit/d58a2f78-779c-4cf7-a94d-476439870fcd%2f1b993b01-e87f-4dd2-b9ac-046ddb399306%2fb60fa01a2a4126f3bbb31376c0f7bcccc660686c",
          "attributes": {
            "authorizedDate": "2019-05-07T04:00:30.78Z",
            "id": "1439987",
            "resourceCreatedDate": "2019-05-07T04:00:30.78Z",
            "resourceModifiedDate": "2019-05-07T04:00:30.78Z",
            "revisedDate": "9999-01-01T00:00:00Z",
            "name": "Fixed in Commit"
          }
        },
        {
          "rel": "ArtifactLink",
          "url": "vstfs:///Build/Build/1449",
          "attributes": {
            "authorizedDate": "2019-05-24T06:06:55.117Z",
            "id": "1468426",
            "resourceCreatedDate": "2019-05-24T06:06:55.117Z",
            "resourceModifiedDate": "2019-05-24T06:06:55.117Z",
            "revisedDate": "9999-01-01T00:00:00Z",
            "comment": "This build was automatically linked to this work item based on this work item's linked commits",
            "name": "Integrated in build"
          }
        },
        {
          "rel": "ArtifactLink",
          "url": "vstfs:///Build/Build/1664",
          "attributes": {
            "authorizedDate": "2019-07-09T15:03:34.323Z",
            "id": "1535574",
            "resourceCreatedDate": "2019-07-09T15:03:34.323Z",
            "resourceModifiedDate": "2019-07-09T15:03:34.323Z",
            "revisedDate": "9999-01-01T00:00:00Z",
            "comment": "This build was automatically linked to this work item based on this work item's linked commits",
            "name": "Integrated in build"
          }
        }
      ],
      "url": "https://dev.azure.com/rba/_apis/wit/workItems/1347"
    },
    {
      "id": 1776,
      "rev": 5,
      "fields": {
        "System.AreaPath": "Mortenson",
        "System.TeamProject": "Mortenson",
        "System.IterationPath": "$ProjectName$\\Iteration 8",
        "System.WorkItemType": "Bug",
        "System.State": "Closed",
        "System.Reason": "Fixed and verified",
        "System.CreatedDate": "2019-05-15T20:01:15.643Z",
        "System.CreatedBy": "Mike.Goracke <Mike.Goracke@mortenson.com>",
        "System.ChangedDate": "2019-09-19T15:34:03.47Z",
        "System.ChangedBy": "Mike.Goracke <Mike.Goracke@mortenson.com>",
        "System.Title": "Robots field contents are not getting published",
        "Microsoft.VSTS.Scheduling.Effort": 0.0,
        "System.Description": null,
        "System.AssignedTo": "Mike.Goracke <Mike.Goracke@mortenson.com>",
        "Microsoft.VSTS.Scheduling.RemainingWork": 0.0,
        "Microsoft.VSTS.Common.Priority": 2.0,
        "System.BoardLane": null,
        "System.Tags": "QA'd",
        "Microsoft.VSTS.TCM.Steps": null,
        "Microsoft.VSTS.TCM.Parameters": null,
        "Microsoft.VSTS.TCM.LocalDataSource": null,
        "Microsoft.VSTS.TCM.AutomationStatus": null,
        "System.History": null
      },
      "relations": [
        {
          "rel": "System.LinkTypes.Hierarchy-Reverse",
          "url": "https://dev.azure.com/rba/_apis/wit/workItems/979",
          "attributes": {
            "isLocked": "false",
            "name": "Parent"
          }
        }
      ],
      "url": "https://dev.azure.com/rba/_apis/wit/workItems/1776"
    },
    {
      "id": 1799,
      "rev": 4,
      "fields": {
        "System.AreaPath": "Mortenson",
        "System.TeamProject": "Mortenson",
        "System.IterationPath": "Mortenson",
        "System.WorkItemType": "Bug",
        "System.State": "Closed",
        "System.Reason": "Fixed and verified",
        "System.CreatedDate": "2019-05-21T19:45:30.657Z",
        "System.CreatedBy": "Mike.Goracke <Mike.Goracke@mortenson.com>",
        "System.ChangedDate": "2019-10-25T16:34:46.667Z",
        "System.ChangedBy": "Mike.Goracke <Mike.Goracke@mortenson.com>",
        "System.Title": "Images Default to Linking to #",
        "Microsoft.VSTS.Scheduling.Effort": 0.0,
        "System.Description": null,
        "System.AssignedTo": "Mike.Goracke <Mike.Goracke@mortenson.com>",
        "Microsoft.VSTS.Scheduling.RemainingWork": 0.0,
        "Microsoft.VSTS.Common.Priority": 2.0,
        "System.BoardLane": null,
        "System.Tags": "QA'd",
        "Microsoft.VSTS.TCM.Steps": null,
        "Microsoft.VSTS.TCM.Parameters": null,
        "Microsoft.VSTS.TCM.LocalDataSource": null,
        "Microsoft.VSTS.TCM.AutomationStatus": null,
        "System.History": null
      },
      "relations": [
        {
          "rel": "System.LinkTypes.Hierarchy-Reverse",
          "url": "https://dev.azure.com/rba/_apis/wit/workItems/923",
          "attributes": {
            "isLocked": "false",
            "name": "Parent"
          }
        }
      ],
      "url": "https://dev.azure.com/rba/_apis/wit/workItems/1799"
    },
    {
      "id": 1816,
      "rev": 3,
      "fields": {
        "System.AreaPath": "Mortenson",
        "System.TeamProject": "Mortenson",
        "System.IterationPath": "$ProjectName$\\Iteration 1",
        "System.WorkItemType": "Bug",
        "System.State": "Closed",
        "System.Reason": "Verified",
        "System.CreatedDate": "2019-05-30T05:09:51.53Z",
        "System.CreatedBy": "Zach A. Trocinski <ztrocinski-a@rbaconsulting.com>",
        "System.ChangedDate": "2019-06-10T18:42:56.073Z",
        "System.ChangedBy": "Mike.Goracke <Mike.Goracke@mortenson.com>",
        "System.Title": "Unable to Login to Sitecore Back Office with UAT.Mortenson.com URL",
        "Microsoft.VSTS.Scheduling.Effort": 0.0,
        "System.Description": null,
        "System.AssignedTo": "Mike.Goracke <Mike.Goracke@mortenson.com>",
        "Microsoft.VSTS.Scheduling.RemainingWork": 4.0,
        "Microsoft.VSTS.Common.Priority": 2.0,
        "System.BoardLane": null,
        "System.Tags": "QA'd",
        "Microsoft.VSTS.TCM.Steps": null,
        "Microsoft.VSTS.TCM.Parameters": null,
        "Microsoft.VSTS.TCM.LocalDataSource": null,
        "Microsoft.VSTS.TCM.AutomationStatus": null,
        "System.History": null
      },
      "relations": null,
      "url": "https://dev.azure.com/rba/_apis/wit/workItems/1816"
    },
    {
      "id": 2961,
      "rev": 2,
      "fields": {
        "System.AreaPath": "Mortenson",
        "System.TeamProject": "Mortenson",
        "System.IterationPath": "Mortenson",
        "System.WorkItemType": "Bug",
        "System.State": "Resolved",
        "System.Reason": "Fixed",
        "System.CreatedDate": "2019-08-30T17:15:37.357Z",
        "System.CreatedBy": "Mike.Goracke <Mike.Goracke@mortenson.com>",
        "System.ChangedDate": "2019-11-18T05:12:26.803Z",
        "System.ChangedBy": "Derek Port <DPort@rbaconsulting.com>",
        "System.Title": "Craft Filter Does Not Update \"XXX jobs matching\"",
        "Microsoft.VSTS.Scheduling.Effort": 0.0,
        "System.Description": null,
        "System.AssignedTo": "Mike.Goracke <Mike.Goracke@mortenson.com>",
        "Microsoft.VSTS.Scheduling.RemainingWork": 0.0,
        "Microsoft.VSTS.Common.Priority": 2.0,
        "System.BoardLane": null,
        "System.Tags": null,
        "Microsoft.VSTS.TCM.Steps": null,
        "Microsoft.VSTS.TCM.Parameters": null,
        "Microsoft.VSTS.TCM.LocalDataSource": null,
        "Microsoft.VSTS.TCM.AutomationStatus": null,
        "System.History": null
      },
      "relations": [
        {
          "rel": "System.LinkTypes.Hierarchy-Reverse",
          "url": "https://dev.azure.com/rba/_apis/wit/workItems/1334",
          "attributes": {
            "isLocked": "false",
            "name": "Parent"
          }
        }
      ],
      "url": "https://dev.azure.com/rba/_apis/wit/workItems/2961"
    },
    {
      "id": 3302,
      "rev": 10,
      "fields": {
        "System.AreaPath": "Mortenson",
        "System.TeamProject": "Mortenson",
        "System.IterationPath": "Mortenson",
        "System.WorkItemType": "Bug",
        "System.State": "Closed",
        "System.Reason": "Verified",
        "System.CreatedDate": "2019-10-30T14:54:27.21Z",
        "System.CreatedBy": "Derek Port <DPort@rbaconsulting.com>",
        "System.ChangedDate": "2019-11-15T16:39:39.35Z",
        "System.ChangedBy": "Derek Port <DPort@rbaconsulting.com>",
        "System.Title": "Fix Search Foundation module serialization issue",
        "Microsoft.VSTS.Scheduling.Effort": 0.0,
        "System.Description": null,
        "System.AssignedTo": "Derek Port <DPort@rbaconsulting.com>",
        "Microsoft.VSTS.Scheduling.RemainingWork": 0.0,
        "Microsoft.VSTS.Common.Priority": 2.0,
        "System.BoardLane": null,
        "System.Tags": null,
        "Microsoft.VSTS.TCM.Steps": null,
        "Microsoft.VSTS.TCM.Parameters": null,
        "Microsoft.VSTS.TCM.LocalDataSource": null,
        "Microsoft.VSTS.TCM.AutomationStatus": null,
        "System.History": null
      },
      "relations": [
        {
          "rel": "System.LinkTypes.Hierarchy-Reverse",
          "url": "https://dev.azure.com/rba/_apis/wit/workItems/3301",
          "attributes": {
            "isLocked": "false",
            "comment": "Incorrect serialization config using hard-coded pathing",
            "name": "Parent"
          }
        },
        {
          "rel": "ArtifactLink",
          "url": "vstfs:///Build/Build/1921",
          "attributes": {
            "authorizedDate": "2019-10-30T16:26:24.95Z",
            "id": "1821857",
            "resourceCreatedDate": "2019-10-30T16:26:24.95Z",
            "resourceModifiedDate": "2019-10-30T16:26:24.95Z",
            "revisedDate": "9999-01-01T00:00:00Z",
            "comment": "This build was automatically linked to this work item based on this work item's linked commits",
            "name": "Integrated in build"
          }
        },
        {
          "rel": "ArtifactLink",
          "url": "vstfs:///Build/Build/1955",
          "attributes": {
            "authorizedDate": "2019-11-11T16:23:15.8Z",
            "id": "1839500",
            "resourceCreatedDate": "2019-11-11T16:23:15.8Z",
            "resourceModifiedDate": "2019-11-11T16:23:15.8Z",
            "revisedDate": "9999-01-01T00:00:00Z",
            "comment": "This build was automatically linked to this work item based on this work item's linked commits",
            "name": "Integrated in build"
          }
        },
        {
          "rel": "ArtifactLink",
          "url": "vstfs:///Git/PullRequestId/d58a2f78-779c-4cf7-a94d-476439870fcd%2f1b993b01-e87f-4dd2-b9ac-046ddb399306%2f231",
          "attributes": {
            "authorizedDate": "2019-10-30T14:55:25.5Z",
            "id": "1821620",
            "resourceCreatedDate": "2019-10-30T14:55:25.5Z",
            "resourceModifiedDate": "2019-10-30T14:55:25.5Z",
            "revisedDate": "9999-01-01T00:00:00Z",
            "name": "Pull Request"
          }
        },
        {
          "rel": "ArtifactLink",
          "url": "vstfs:///Git/Commit/d58a2f78-779c-4cf7-a94d-476439870fcd%2f1b993b01-e87f-4dd2-b9ac-046ddb399306%2f37ca67fef60f7ac792510c7dcb7b0570172b4db8",
          "attributes": {
            "authorizedDate": "2019-10-30T15:02:51.53Z",
            "id": "1821630",
            "resourceCreatedDate": "2019-10-30T15:02:51.53Z",
            "resourceModifiedDate": "2019-10-30T15:02:51.53Z",
            "revisedDate": "9999-01-01T00:00:00Z",
            "name": "Fixed in Commit"
          }
        },
        {
          "rel": "ArtifactLink",
          "url": "vstfs:///Git/PullRequestId/d58a2f78-779c-4cf7-a94d-476439870fcd%2f1b993b01-e87f-4dd2-b9ac-046ddb399306%2f232",
          "attributes": {
            "authorizedDate": "2019-10-30T16:08:50.987Z",
            "id": "1821822",
            "resourceCreatedDate": "2019-10-30T16:08:50.987Z",
            "resourceModifiedDate": "2019-10-30T16:08:50.987Z",
            "revisedDate": "9999-01-01T00:00:00Z",
            "name": "Pull Request"
          }
        },
        {
          "rel": "ArtifactLink",
          "url": "vstfs:///Git/Commit/d58a2f78-779c-4cf7-a94d-476439870fcd%2f1b993b01-e87f-4dd2-b9ac-046ddb399306%2f859767b86bf2596fe88ca6d32799d63d8973b3da",
          "attributes": {
            "authorizedDate": "2019-10-30T16:18:40.24Z",
            "id": "1821854",
            "resourceCreatedDate": "2019-10-30T16:18:40.24Z",
            "resourceModifiedDate": "2019-10-30T16:18:40.24Z",
            "revisedDate": "9999-01-01T00:00:00Z",
            "name": "Fixed in Commit"
          }
        },
        {
          "rel": "ArtifactLink",
          "url": "vstfs:///Build/Build/1918",
          "attributes": {
            "authorizedDate": "2019-10-30T15:09:32.853Z",
            "id": "1821636",
            "resourceCreatedDate": "2019-10-30T15:09:32.853Z",
            "resourceModifiedDate": "2019-10-30T15:09:32.853Z",
            "revisedDate": "9999-01-01T00:00:00Z",
            "comment": "This build was automatically linked to this work item based on this work item's linked commits",
            "name": "Integrated in build"
          }
        }
      ],
      "url": "https://dev.azure.com/rba/_apis/wit/workItems/3302"
    },
    {
      "id": 4372,
      "rev": 6,
      "fields": {
        "System.AreaPath": "Mortenson",
        "System.TeamProject": "Mortenson",
        "System.IterationPath": "Mortenson",
        "System.WorkItemType": "Bug",
        "System.State": "Resolved",
        "System.Reason": "Fixed",
        "System.CreatedDate": "2020-03-03T19:09:36.21Z",
        "System.CreatedBy": "Derek Port <DPort@rbaconsulting.com>",
        "System.ChangedDate": "2020-04-14T02:35:17.13Z",
        "System.ChangedBy": "Derek Port <DPort@rbaconsulting.com>",
        "System.Title": "JSON-LD format for JobPostings",
        "Microsoft.VSTS.Scheduling.Effort": 0.0,
        "System.Description": null,
        "System.AssignedTo": "Derek Port <DPort@rbaconsulting.com>",
        "Microsoft.VSTS.Scheduling.RemainingWork": 0.0,
        "Microsoft.VSTS.Common.Priority": 2.0,
        "System.BoardLane": null,
        "System.Tags": null,
        "Microsoft.VSTS.TCM.Steps": null,
        "Microsoft.VSTS.TCM.Parameters": null,
        "Microsoft.VSTS.TCM.LocalDataSource": null,
        "Microsoft.VSTS.TCM.AutomationStatus": null,
        "System.History": null
      },
      "relations": [
        {
          "rel": "System.LinkTypes.Hierarchy-Reverse",
          "url": "https://dev.azure.com/rba/_apis/wit/workItems/997",
          "attributes": {
            "isLocked": "false",
            "name": "Parent"
          }
        },
        {
          "rel": "ArtifactLink",
          "url": "vstfs:///Git/PullRequestId/d58a2f78-779c-4cf7-a94d-476439870fcd%2F1b993b01-e87f-4dd2-b9ac-046ddb399306%2F249",
          "attributes": {
            "authorizedDate": "2020-03-03T19:10:36.787Z",
            "id": "2066211",
            "resourceCreatedDate": "2020-03-03T19:10:36.787Z",
            "resourceModifiedDate": "2020-03-03T19:10:36.787Z",
            "revisedDate": "9999-01-01T00:00:00Z",
            "name": "Pull Request"
          }
        },
        {
          "rel": "ArtifactLink",
          "url": "vstfs:///Git/Commit/d58a2f78-779c-4cf7-a94d-476439870fcd%2f1b993b01-e87f-4dd2-b9ac-046ddb399306%2fed6cd67d2a66dcce48f4d42e40b48d5b28d74afb",
          "attributes": {
            "authorizedDate": "2020-03-03T19:14:16.63Z",
            "id": "2066212",
            "resourceCreatedDate": "2020-03-03T19:14:16.63Z",
            "resourceModifiedDate": "2020-03-03T19:14:16.63Z",
            "revisedDate": "9999-01-01T00:00:00Z",
            "name": "Fixed in Commit"
          }
        },
        {
          "rel": "ArtifactLink",
          "url": "vstfs:///Build/Build/2237",
          "attributes": {
            "authorizedDate": "2020-03-03T19:19:36.36Z",
            "id": "2066217",
            "resourceCreatedDate": "2020-03-03T19:19:36.36Z",
            "resourceModifiedDate": "2020-03-03T19:19:36.36Z",
            "revisedDate": "9999-01-01T00:00:00Z",
            "comment": "This build was automatically linked to this work item based on this work item's linked commits",
            "name": "Integrated in build"
          }
        }
      ],
      "url": "https://dev.azure.com/rba/_apis/wit/workItems/4372"
    },
    {
      "id": 9094,
      "rev": 8,
      "fields": {
        "System.AreaPath": "Mortenson",
        "System.TeamProject": "Mortenson",
        "System.IterationPath": "Mortenson",
        "System.WorkItemType": "Bug",
        "System.State": "Resolved",
        "System.Reason": "Fixed",
        "System.CreatedDate": "2020-08-25T20:21:40.713Z",
        "System.CreatedBy": "Derek Port <DPort@rbaconsulting.com>",
        "System.ChangedDate": "2020-08-25T20:46:10.75Z",
        "System.ChangedBy": "Derek Port <DPort@rbaconsulting.com>",
        "System.Title": "SXA Site Setup for Module",
        "Microsoft.VSTS.Scheduling.Effort": 0.0,
        "System.Description": null,
        "System.AssignedTo": "Derek Port <DPort@rbaconsulting.com>",
        "Microsoft.VSTS.Scheduling.RemainingWork": 0.0,
        "Microsoft.VSTS.Common.Priority": 2.0,
        "System.BoardLane": null,
        "System.Tags": null,
        "Microsoft.VSTS.TCM.Steps": null,
        "Microsoft.VSTS.TCM.Parameters": null,
        "Microsoft.VSTS.TCM.LocalDataSource": null,
        "Microsoft.VSTS.TCM.AutomationStatus": null,
        "System.History": null
      },
      "relations": [
        {
          "rel": "System.LinkTypes.Hierarchy-Reverse",
          "url": "https://dev.azure.com/rba/_apis/wit/workItems/5644",
          "attributes": {
            "isLocked": "false",
            "name": "Parent"
          }
        },
        {
          "rel": "ArtifactLink",
          "url": "vstfs:///Build/Build/2745",
          "attributes": {
            "authorizedDate": "2020-08-25T20:46:10.75Z",
            "id": "2571768",
            "resourceCreatedDate": "2020-08-25T20:46:10.75Z",
            "resourceModifiedDate": "2020-08-25T20:46:10.75Z",
            "revisedDate": "9999-01-01T00:00:00Z",
            "comment": "This build was automatically linked to this work item based on this work item's linked commits",
            "name": "Integrated in build"
          }
        },
        {
          "rel": "ArtifactLink",
          "url": "vstfs:///Git/Commit/d58a2f78-779c-4cf7-a94d-476439870fcd%2f1b993b01-e87f-4dd2-b9ac-046ddb399306%2fec1eb548e6a50ed2e419ebdbb7cfb004d4262525",
          "attributes": {
            "authorizedDate": "2020-08-25T20:38:01.673Z",
            "id": "2571753",
            "resourceCreatedDate": "2020-08-25T20:38:01.673Z",
            "resourceModifiedDate": "2020-08-25T20:38:01.673Z",
            "revisedDate": "9999-01-01T00:00:00Z",
            "name": "Fixed in Commit"
          }
        },
        {
          "rel": "ArtifactLink",
          "url": "vstfs:///Git/PullRequestId/d58a2f78-779c-4cf7-a94d-476439870fcd%2F1b993b01-e87f-4dd2-b9ac-046ddb399306%2F289",
          "attributes": {
            "authorizedDate": "2020-08-25T20:24:40.06Z",
            "id": "2571575",
            "resourceCreatedDate": "2020-08-25T20:24:40.06Z",
            "resourceModifiedDate": "2020-08-25T20:24:40.06Z",
            "revisedDate": "9999-01-01T00:00:00Z",
            "name": "Pull Request"
          }
        }
      ],
      "url": "https://dev.azure.com/rba/_apis/wit/workItems/9094"
    },
    {
      "id": 14758,
      "rev": 7,
      "fields": {
        "System.AreaPath": "Mortenson",
        "System.TeamProject": "Mortenson",
        "System.IterationPath": "Mortenson",
        "System.WorkItemType": "Bug",
        "System.State": "Closed",
        "System.Reason": "Fixed and verified",
        "System.CreatedDate": "2021-02-02T03:48:07.483Z",
        "System.CreatedBy": "Zach A. Trocinski <ztrocinski-a@rbaconsulting.com>",
        "System.ChangedDate": "2021-03-10T20:06:11.227Z",
        "System.ChangedBy": "Mike.Goracke <Mike.Goracke@mortenson.com>",
        "System.Title": "Links Downloaded to Computer",
        "Microsoft.VSTS.Scheduling.Effort": 0.0,
        "System.Description": null,
        "System.AssignedTo": "Zach A. Trocinski <ztrocinski-a@rbaconsulting.com>",
        "Microsoft.VSTS.Scheduling.RemainingWork": 0.0,
        "Microsoft.VSTS.Common.Priority": 2.0,
        "System.BoardLane": null,
        "System.Tags": null,
        "Microsoft.VSTS.TCM.Steps": null,
        "Microsoft.VSTS.TCM.Parameters": null,
        "Microsoft.VSTS.TCM.LocalDataSource": null,
        "Microsoft.VSTS.TCM.AutomationStatus": null,
        "System.History": null
      },
      "relations": [
        {
          "rel": "ArtifactLink",
          "url": "vstfs:///Git/PullRequestId/d58a2f78-779c-4cf7-a94d-476439870fcd%2F1b993b01-e87f-4dd2-b9ac-046ddb399306%2F748",
          "attributes": {
            "authorizedDate": "2021-02-02T03:48:55.797Z",
            "id": "3098573",
            "resourceCreatedDate": "2021-02-02T03:48:55.797Z",
            "resourceModifiedDate": "2021-02-02T03:48:55.797Z",
            "revisedDate": "9999-01-01T00:00:00Z",
            "name": "Pull Request"
          }
        },
        {
          "rel": "ArtifactLink",
          "url": "vstfs:///Git/Commit/d58a2f78-779c-4cf7-a94d-476439870fcd%2f1b993b01-e87f-4dd2-b9ac-046ddb399306%2f3b1baa111cbaec44df550d699b36af663a441230",
          "attributes": {
            "authorizedDate": "2021-02-02T14:23:37.18Z",
            "id": "3100169",
            "resourceCreatedDate": "2021-02-02T14:23:37.18Z",
            "resourceModifiedDate": "2021-02-02T14:23:37.18Z",
            "revisedDate": "9999-01-01T00:00:00Z",
            "name": "Fixed in Commit"
          }
        },
        {
          "rel": "ArtifactLink",
          "url": "vstfs:///Build/Build/4848",
          "attributes": {
            "authorizedDate": "2021-02-02T14:29:07.003Z",
            "id": "3100381",
            "resourceCreatedDate": "2021-02-02T14:29:07.003Z",
            "resourceModifiedDate": "2021-02-02T14:29:07.003Z",
            "revisedDate": "9999-01-01T00:00:00Z",
            "comment": "This build was automatically linked to this work item based on this work item's linked commits",
            "name": "Integrated in build"
          }
        }
      ],
      "url": "https://dev.azure.com/rba/_apis/wit/workItems/14758"
    }
  ],
  "HttpStatusCode": 0,
  "Message": null
}