{
  "count": 10,
  "value": [
    {
      "id": 912,
      "rev": 4,
      "fields": {
        "System.AreaPath": "Mortenson",
        "System.TeamProject": "Mortenson",
        "System.IterationPath": "$ProjectName$\\Iteration 0",
        "System.WorkItemType": "Epic",
        "System.State": "Closed",
        "System.Reason": "Acceptance tests pass",
        "System.CreatedDate": "2019-03-14T17:28:46.827Z",
        "System.CreatedBy": "Mike.Goracke <Mike.Goracke@mortenson.com>",
        "System.ChangedDate": "2021-08-12T05:33:47.867Z",
        "System.ChangedBy": "Tom A. Iverson <TIverson-A@rbaconsulting.com>",
        "System.Title": "Implement Sitecore 9.1",
        "Microsoft.VSTS.Scheduling.Effort": 0.0,
        "System.Description": "<div><span>Implement Sitecore 9.1 with SXA 1.8. Include any additional task typically associated with this work.</span><br></div>",
        "System.AssignedTo": "Zach A. Trocinski <ztrocinski-a@rbaconsulting.com>",
        "Microsoft.VSTS.Scheduling.RemainingWork": 0.0,
        "Microsoft.VSTS.Common.Priority": 2.0,
        "System.BoardLane": null,
        "System.Tags": "Back End; Dev Ops; Front End",
        "Microsoft.VSTS.TCM.Steps": null,
        "Microsoft.VSTS.TCM.Parameters": null,
        "Microsoft.VSTS.TCM.LocalDataSource": null,
        "Microsoft.VSTS.TCM.AutomationStatus": null,
        "System.History": null
      },
      "relations": [
        {
          "rel": "System.LinkTypes.Hierarchy-Forward",
          "url": "https://dev.azure.com/rba/_apis/wit/workItems/911",
          "attributes": {
            "isLocked": "false",
            "name": "Child"
          }
        },
        {
          "rel": "System.LinkTypes.Hierarchy-Forward",
          "url": "https://dev.azure.com/rba/_apis/wit/workItems/1038",
          "attributes": {
            "isLocked": "false",
            "name": "Child"
          }
        },
        {
          "rel": "System.LinkTypes.Hierarchy-Forward",
          "url": "https://dev.azure.com/rba/_apis/wit/workItems/1034",
          "attributes": {
            "isLocked": "false",
            "name": "Child"
          }
        },
        {
          "rel": "System.LinkTypes.Hierarchy-Forward",
          "url": "https://dev.azure.com/rba/_apis/wit/workItems/913",
          "attributes": {
            "isLocked": "false",
            "name": "Child"
          }
        }
      ],
      "url": "https://dev.azure.com/rba/_apis/wit/workItems/912"
    },
    {
      "id": 918,
      "rev": 5,
      "fields": {
        "System.AreaPath": "Mortenson",
        "System.TeamProject": "Mortenson",
        "System.IterationPath": "Mortenson",
        "System.WorkItemType": "Epic",
        "System.State": "Resolved",
        "System.Reason": "Features complete",
        "System.CreatedDate": "2019-03-18T18:55:40.443Z",
        "System.CreatedBy": "Mike.Goracke <Mike.Goracke@mortenson.com>",
        "System.ChangedDate": "2021-08-12T05:33:47.867Z",
        "System.ChangedBy": "Tom A. Iverson <TIverson-A@rbaconsulting.com>",
        "System.Title": "Style Components",
        "Microsoft.VSTS.Scheduling.Effort": 0.0,
        "System.Description": "<div>Style SXA Components</div><div><br></div>",
        "System.AssignedTo": "Mike.Goracke <Mike.Goracke@mortenson.com>",
        "Microsoft.VSTS.Scheduling.RemainingWork": 0.0,
        "Microsoft.VSTS.Common.Priority": 2.0,
        "System.BoardLane": null,
        "System.Tags": "Back End; Front End",
        "Microsoft.VSTS.TCM.Steps": null,
        "Microsoft.VSTS.TCM.Parameters": null,
        "Microsoft.VSTS.TCM.LocalDataSource": null,
        "Microsoft.VSTS.TCM.AutomationStatus": null,
        "System.History": null
      },
      "relations": [
        {
          "rel": "System.LinkTypes.Hierarchy-Forward",
          "url": "https://dev.azure.com/rba/_apis/wit/workItems/934",
          "attributes": {
            "isLocked": "false",
            "name": "Child"
          }
        },
        {
          "rel": "System.LinkTypes.Hierarchy-Forward",
          "url": "https://dev.azure.com/rba/_apis/wit/workItems/923",
          "attributes": {
            "isLocked": "false",
            "name": "Child"
          }
        },
        {
          "rel": "System.LinkTypes.Hierarchy-Forward",
          "url": "https://dev.azure.com/rba/_apis/wit/workItems/1831",
          "attributes": {
            "isLocked": "false",
            "name": "Child"
          }
        },
        {
          "rel": "System.LinkTypes.Hierarchy-Forward",
          "url": "https://dev.azure.com/rba/_apis/wit/workItems/926",
          "attributes": {
            "isLocked": "false",
            "name": "Child"
          }
        },
        {
          "rel": "System.LinkTypes.Hierarchy-Forward",
          "url": "https://dev.azure.com/rba/_apis/wit/workItems/1800",
          "attributes": {
            "isLocked": "false",
            "name": "Child"
          }
        },
        {
          "rel": "System.LinkTypes.Hierarchy-Forward",
          "url": "https://dev.azure.com/rba/_apis/wit/workItems/927",
          "attributes": {
            "isLocked": "false",
            "name": "Child"
          }
        },
        {
          "rel": "System.LinkTypes.Hierarchy-Forward",
          "url": "https://dev.azure.com/rba/_apis/wit/workItems/919",
          "attributes": {
            "isLocked": "false",
            "name": "Child"
          }
        },
        {
          "rel": "System.LinkTypes.Hierarchy-Forward",
          "url": "https://dev.azure.com/rba/_apis/wit/workItems/933",
          "attributes": {
            "isLocked": "false",
            "name": "Child"
          }
        },
        {
          "rel": "System.LinkTypes.Hierarchy-Forward",
          "url": "https://dev.azure.com/rba/_apis/wit/workItems/1314",
          "attributes": {
            "isLocked": "false",
            "name": "Child"
          }
        },
        {
          "rel": "System.LinkTypes.Hierarchy-Forward",
          "url": "https://dev.azure.com/rba/_apis/wit/workItems/932",
          "attributes": {
            "isLocked": "false",
            "name": "Child"
          }
        },
        {
          "rel": "System.LinkTypes.Hierarchy-Forward",
          "url": "https://dev.azure.com/rba/_apis/wit/workItems/929",
          "attributes": {
            "isLocked": "false",
            "name": "Child"
          }
        },
        {
          "rel": "System.LinkTypes.Hierarchy-Forward",
          "url": "https://dev.azure.com/rba/_apis/wit/workItems/928",
          "attributes": {
            "isLocked": "false",
            "name": "Child"
          }
        },
        {
          "rel": "System.LinkTypes.Hierarchy-Forward",
          "url": "https://dev.azure.com/rba/_apis/wit/workItems/925",
          "attributes": {
            "isLocked": "false",
            "name": "Child"
          }
        },
        {
          "rel": "System.LinkTypes.Hierarchy-Forward",
          "url": "https://dev.azure.com/rba/_apis/wit/workItems/930",
          "attributes": {
            "isLocked": "false",
            "name": "Child"
          }
        },
        {
          "rel": "System.LinkTypes.Hierarchy-Forward",
          "url": "https://dev.azure.com/rba/_apis/wit/workItems/931",
          "attributes": {
            "isLocked": "false",
            "name": "Child"
          }
        },
        {
          "rel": "System.LinkTypes.Hierarchy-Forward",
          "url": "https://dev.azure.com/rba/_apis/wit/workItems/920",
          "attributes": {
            "isLocked": "false",
            "name": "Child"
          }
        },
        {
          "rel": "System.LinkTypes.Hierarchy-Forward",
          "url": "https://dev.azure.com/rba/_apis/wit/workItems/922",
          "attributes": {
            "isLocked": "false",
            "name": "Child"
          }
        },
        {
          "rel": "System.LinkTypes.Hierarchy-Forward",
          "url": "https://dev.azure.com/rba/_apis/wit/workItems/921",
          "attributes": {
            "isLocked": "false",
            "name": "Child"
          }
        },
        {
          "rel": "AttachedFile",
          "url": "https://dev.azure.com/rba/_apis/wit/attachments/fe3475a3-60cc-4882-a768-455da1bd191a",
          "attributes": {
            "authorizedDate": "2019-05-03T15:49:18.967Z",
            "id": "1436460",
            "resourceCreatedDate": "2019-05-03T15:47:34.167Z",
            "resourceModifiedDate": "2019-05-03T15:46:39.757Z",
            "revisedDate": "9999-01-01T00:00:00Z",
            "resourceSize": "1014596",
            "name": "MyFontsWebfontsKit.zip"
          }
        }
      ],
      "url": "https://dev.azure.com/rba/_apis/wit/workItems/918"
    },
    {
      "id": 935,
      "rev": 5,
      "fields": {
        "System.AreaPath": "Mortenson",
        "System.TeamProject": "Mortenson",
        "System.IterationPath": "Mortenson",
        "System.WorkItemType": "Epic",
        "System.State": "Resolved",
        "System.Reason": "Features complete",
        "System.CreatedDate": "2019-03-18T20:01:18.227Z",
        "System.CreatedBy": "Mike.Goracke <Mike.Goracke@mortenson.com>",
        "System.ChangedDate": "2021-08-12T05:33:47.867Z",
        "System.ChangedBy": "Tom A. Iverson <TIverson-A@rbaconsulting.com>",
        "System.Title": "Manage Analytics",
        "Microsoft.VSTS.Scheduling.Effort": 0.0,
        "System.Description": "<div>Manage analytics at the site and page level.</div>",
        "System.AssignedTo": "Mike.Goracke <Mike.Goracke@mortenson.com>",
        "Microsoft.VSTS.Scheduling.RemainingWork": 0.0,
        "Microsoft.VSTS.Common.Priority": 2.0,
        "System.BoardLane": null,
        "System.Tags": "Back End",
        "Microsoft.VSTS.TCM.Steps": null,
        "Microsoft.VSTS.TCM.Parameters": null,
        "Microsoft.VSTS.TCM.LocalDataSource": null,
        "Microsoft.VSTS.TCM.AutomationStatus": null,
        "System.History": null
      },
      "relations": [
        {
          "rel": "System.LinkTypes.Hierarchy-Forward",
          "url": "https://dev.azure.com/rba/_apis/wit/workItems/937",
          "attributes": {
            "isLocked": "false",
            "name": "Child"
          }
        },
        {
          "rel": "System.LinkTypes.Hierarchy-Forward",
          "url": "https://dev.azure.com/rba/_apis/wit/workItems/936",
          "attributes": {
            "isLocked": "false",
            "name": "Child"
          }
        },
        {
          "rel": "System.LinkTypes.Hierarchy-Forward",
          "url": "https://dev.azure.com/rba/_apis/wit/workItems/938",
          "attributes": {
            "isLocked": "false",
            "name": "Child"
          }
        }
      ],
      "url": "https://dev.azure.com/rba/_apis/wit/workItems/935"
    },
    {
      "id": 939,
      "rev": 5,
      "fields": {
        "System.AreaPath": "Mortenson",
        "System.TeamProject": "Mortenson",
        "System.IterationPath": "Mortenson",
        "System.WorkItemType": "Epic",
        "System.State": "Resolved",
        "System.Reason": "Features complete",
        "System.CreatedDate": "2019-03-18T20:15:17.98Z",
        "System.CreatedBy": "Mike.Goracke <Mike.Goracke@mortenson.com>",
        "System.ChangedDate": "2021-08-12T05:33:47.867Z",
        "System.ChangedBy": "Tom A. Iverson <TIverson-A@rbaconsulting.com>",
        "System.Title": "Manage SEO Efforts",
        "Microsoft.VSTS.Scheduling.Effort": 0.0,
        "System.Description": "<div>Manage miscellaneous aspects of Search Engine Optimization as an administrator and content editor.</div>",
        "System.AssignedTo": "Mike.Goracke <Mike.Goracke@mortenson.com>",
        "Microsoft.VSTS.Scheduling.RemainingWork": 0.0,
        "Microsoft.VSTS.Common.Priority": 2.0,
        "System.BoardLane": null,
        "System.Tags": "Back End",
        "Microsoft.VSTS.TCM.Steps": null,
        "Microsoft.VSTS.TCM.Parameters": null,
        "Microsoft.VSTS.TCM.LocalDataSource": null,
        "Microsoft.VSTS.TCM.AutomationStatus": null,
        "System.History": null
      },
      "relations": [
        {
          "rel": "System.LinkTypes.Hierarchy-Forward",
          "url": "https://dev.azure.com/rba/_apis/wit/workItems/985",
          "attributes": {
            "isLocked": "false",
            "name": "Child"
          }
        },
        {
          "rel": "System.LinkTypes.Hierarchy-Forward",
          "url": "https://dev.azure.com/rba/_apis/wit/workItems/978",
          "attributes": {
            "isLocked": "false",
            "name": "Child"
          }
        },
        {
          "rel": "System.LinkTypes.Hierarchy-Forward",
          "url": "https://dev.azure.com/rba/_apis/wit/workItems/980",
          "attributes": {
            "isLocked": "false",
            "name": "Child"
          }
        },
        {
          "rel": "System.LinkTypes.Hierarchy-Forward",
          "url": "https://dev.azure.com/rba/_apis/wit/workItems/976",
          "attributes": {
            "isLocked": "false",
            "name": "Child"
          }
        },
        {
          "rel": "System.LinkTypes.Hierarchy-Forward",
          "url": "https://dev.azure.com/rba/_apis/wit/workItems/984",
          "attributes": {
            "isLocked": "false",
            "name": "Child"
          }
        },
        {
          "rel": "System.LinkTypes.Hierarchy-Forward",
          "url": "https://dev.azure.com/rba/_apis/wit/workItems/982",
          "attributes": {
            "isLocked": "false",
            "name": "Child"
          }
        },
        {
          "rel": "System.LinkTypes.Hierarchy-Forward",
          "url": "https://dev.azure.com/rba/_apis/wit/workItems/977",
          "attributes": {
            "isLocked": "false",
            "name": "Child"
          }
        },
        {
          "rel": "System.LinkTypes.Hierarchy-Forward",
          "url": "https://dev.azure.com/rba/_apis/wit/workItems/983",
          "attributes": {
            "isLocked": "false",
            "name": "Child"
          }
        },
        {
          "rel": "System.LinkTypes.Hierarchy-Forward",
          "url": "https://dev.azure.com/rba/_apis/wit/workItems/981",
          "attributes": {
            "isLocked": "false",
            "name": "Child"
          }
        },
        {
          "rel": "System.LinkTypes.Hierarchy-Forward",
          "url": "https://dev.azure.com/rba/_apis/wit/workItems/979",
          "attributes": {
            "isLocked": "false",
            "name": "Child"
          }
        }
      ],
      "url": "https://dev.azure.com/rba/_apis/wit/workItems/939"
    },
    {
      "id": 986,
      "rev": 9,
      "fields": {
        "System.AreaPath": "Mortenson",
        "System.TeamProject": "Mortenson",
        "System.IterationPath": "Mortenson",
        "System.WorkItemType": "Epic",
        "System.State": "Closed",
        "System.Reason": "Acceptance tests pass",
        "System.CreatedDate": "2019-03-20T18:58:21.957Z",
        "System.CreatedBy": "Mike.Goracke <Mike.Goracke@mortenson.com>",
        "System.ChangedDate": "2021-08-12T05:33:47.867Z",
        "System.ChangedBy": "Tom A. Iverson <TIverson-A@rbaconsulting.com>",
        "System.Title": "Configure Sitecore 9.1",
        "Microsoft.VSTS.Scheduling.Effort": 0.0,
        "System.Description": "<div>Once implemented, Sitecore 9.1 must be configured to fit Mortenson's needs.</div>",
        "System.AssignedTo": null,
        "Microsoft.VSTS.Scheduling.RemainingWork": 0.0,
        "Microsoft.VSTS.Common.Priority": 2.0,
        "System.BoardLane": null,
        "System.Tags": "Back End; Dev Ops; Front End",
        "Microsoft.VSTS.TCM.Steps": null,
        "Microsoft.VSTS.TCM.Parameters": null,
        "Microsoft.VSTS.TCM.LocalDataSource": null,
        "Microsoft.VSTS.TCM.AutomationStatus": null,
        "System.History": null
      },
      "relations": [
        {
          "rel": "System.LinkTypes.Hierarchy-Forward",
          "url": "https://dev.azure.com/rba/_apis/wit/workItems/992",
          "attributes": {
            "isLocked": "false",
            "name": "Child"
          }
        },
        {
          "rel": "System.LinkTypes.Hierarchy-Forward",
          "url": "https://dev.azure.com/rba/_apis/wit/workItems/989",
          "attributes": {
            "isLocked": "false",
            "name": "Child"
          }
        },
        {
          "rel": "System.LinkTypes.Hierarchy-Forward",
          "url": "https://dev.azure.com/rba/_apis/wit/workItems/1317",
          "attributes": {
            "isLocked": "false",
            "name": "Child"
          }
        },
        {
          "rel": "System.LinkTypes.Hierarchy-Forward",
          "url": "https://dev.azure.com/rba/_apis/wit/workItems/991",
          "attributes": {
            "isLocked": "false",
            "name": "Child"
          }
        },
        {
          "rel": "System.LinkTypes.Hierarchy-Forward",
          "url": "https://dev.azure.com/rba/_apis/wit/workItems/988",
          "attributes": {
            "isLocked": "false",
            "name": "Child"
          }
        },
        {
          "rel": "System.LinkTypes.Hierarchy-Forward",
          "url": "https://dev.azure.com/rba/_apis/wit/workItems/987",
          "attributes": {
            "isLocked": "false",
            "name": "Child"
          }
        },
        {
          "rel": "System.LinkTypes.Hierarchy-Forward",
          "url": "https://dev.azure.com/rba/_apis/wit/workItems/990",
          "attributes": {
            "isLocked": "false",
            "name": "Child"
          }
        },
        {
          "rel": "ArtifactLink",
          "url": "vstfs:///Git/Commit/d58a2f78-779c-4cf7-a94d-476439870fcd%2f1b993b01-e87f-4dd2-b9ac-046ddb399306%2f5abf0c1f444d8b145ef72fda8a7d0deb80c3e726",
          "attributes": {
            "authorizedDate": "2019-12-31T19:31:02.59Z",
            "id": "1950751",
            "resourceCreatedDate": "2019-12-31T19:31:02.59Z",
            "resourceModifiedDate": "2019-12-31T19:31:02.59Z",
            "revisedDate": "9999-01-01T00:00:00Z",
            "name": "Fixed in Commit"
          }
        },
        {
          "rel": "ArtifactLink",
          "url": "vstfs:///Build/Build/2053",
          "attributes": {
            "authorizedDate": "2019-12-31T19:36:06.357Z",
            "id": "1950755",
            "resourceCreatedDate": "2019-12-31T19:36:06.357Z",
            "resourceModifiedDate": "2019-12-31T19:36:06.357Z",
            "revisedDate": "9999-01-01T00:00:00Z",
            "comment": "This build was automatically linked to this work item based on this work item's linked commits",
            "name": "Integrated in build"
          }
        },
        {
          "rel": "ArtifactLink",
          "url": "vstfs:///Git/PullRequestId/d58a2f78-779c-4cf7-a94d-476439870fcd%2F1b993b01-e87f-4dd2-b9ac-046ddb399306%2F244",
          "attributes": {
            "authorizedDate": "2019-12-20T02:48:16.527Z",
            "id": "1934616",
            "resourceCreatedDate": "2019-12-20T02:48:16.527Z",
            "resourceModifiedDate": "2019-12-20T02:48:16.527Z",
            "revisedDate": "9999-01-01T00:00:00Z",
            "name": "Pull Request"
          }
        },
        {
          "rel": "ArtifactLink",
          "url": "vstfs:///Git/Commit/d58a2f78-779c-4cf7-a94d-476439870fcd%2F1b993b01-e87f-4dd2-b9ac-046ddb399306%2F3ed7fb0a86150085f695a675453f8951cbd99110",
          "attributes": {
            "authorizedDate": "2019-12-31T19:24:29.847Z",
            "id": "1950746",
            "resourceCreatedDate": "2019-12-31T19:24:29.847Z",
            "resourceModifiedDate": "2019-12-31T19:24:29.847Z",
            "revisedDate": "9999-01-01T00:00:00Z",
            "name": "Fixed in Commit"
          }
        }
      ],
      "url": "https://dev.azure.com/rba/_apis/wit/workItems/986"
    },
    {
      "id": 993,
      "rev": 3,
      "fields": {
        "System.AreaPath": "Mortenson",
        "System.TeamProject": "Mortenson",
        "System.IterationPath": "Mortenson",
        "System.WorkItemType": "Epic",
        "System.State": "Removed",
        "System.Reason": "Removed from the backlog",
        "System.CreatedDate": "2019-03-20T19:06:18.293Z",
        "System.CreatedBy": "Mike.Goracke <Mike.Goracke@mortenson.com>",
        "System.ChangedDate": "2020-12-19T16:00:54.58Z",
        "System.ChangedBy": "Mike.Goracke <Mike.Goracke@mortenson.com>",
        "System.Title": "Implement Sitecore EXM",
        "Microsoft.VSTS.Scheduling.Effort": 0.0,
        "System.Description": null,
        "System.AssignedTo": "Mike.Goracke <Mike.Goracke@mortenson.com>",
        "Microsoft.VSTS.Scheduling.RemainingWork": 0.0,
        "Microsoft.VSTS.Common.Priority": 2.0,
        "System.BoardLane": null,
        "System.Tags": null,
        "Microsoft.VSTS.TCM.Steps": null,
        "Microsoft.VSTS.TCM.Parameters": null,
        "Microsoft.VSTS.TCM.LocalDataSource": null,
        "Microsoft.VSTS.TCM.AutomationStatus": null,
        "System.History": null
      },
      "relations": [
        {
          "rel": "System.LinkTypes.Hierarchy-Forward",
          "url": "https://dev.azure.com/rba/_apis/wit/workItems/4370",
          "attributes": {
            "isLocked": "false",
            "name": "Child"
          }
        },
        {
          "rel": "System.LinkTypes.Hierarchy-Forward",
          "url": "https://dev.azure.com/rba/_apis/wit/workItems/4367",
          "attributes": {
            "isLocked": "false",
            "name": "Child"
          }
        },
        {
          "rel": "System.LinkTypes.Hierarchy-Forward",
          "url": "https://dev.azure.com/rba/_apis/wit/workItems/4368",
          "attributes": {
            "isLocked": "false",
            "name": "Child"
          }
        },
        {
          "rel": "System.LinkTypes.Hierarchy-Forward",
          "url": "https://dev.azure.com/rba/_apis/wit/workItems/4366",
          "attributes": {
            "isLocked": "false",
            "name": "Child"
          }
        },
        {
          "rel": "System.LinkTypes.Hierarchy-Forward",
          "url": "https://dev.azure.com/rba/_apis/wit/workItems/4369",
          "attributes": {
            "isLocked": "false",
            "name": "Child"
          }
        },
        {
          "rel": "System.LinkTypes.Hierarchy-Forward",
          "url": "https://dev.azure.com/rba/_apis/wit/workItems/994",
          "attributes": {
            "isLocked": "false",
            "name": "Child"
          }
        },
        {
          "rel": "System.LinkTypes.Hierarchy-Forward",
          "url": "https://dev.azure.com/rba/_apis/wit/workItems/4371",
          "attributes": {
            "isLocked": "false",
            "name": "Child"
          }
        }
      ],
      "url": "https://dev.azure.com/rba/_apis/wit/workItems/993"
    },
    {
      "id": 995,
      "rev": 6,
      "fields": {
        "System.AreaPath": "Mortenson",
        "System.TeamProject": "Mortenson",
        "System.IterationPath": "Mortenson",
        "System.WorkItemType": "Epic",
        "System.State": "Closed",
        "System.Reason": "Acceptance tests pass",
        "System.CreatedDate": "2019-03-20T19:08:17.35Z",
        "System.CreatedBy": "Mike.Goracke <Mike.Goracke@mortenson.com>",
        "System.ChangedDate": "2021-08-12T05:33:47.867Z",
        "System.ChangedBy": "Tom A. Iverson <TIverson-A@rbaconsulting.com>",
        "System.Title": "Manage Job Postings",
        "Microsoft.VSTS.Scheduling.Effort": 0.0,
        "System.Description": null,
        "System.AssignedTo": null,
        "Microsoft.VSTS.Scheduling.RemainingWork": 0.0,
        "Microsoft.VSTS.Common.Priority": 2.0,
        "System.BoardLane": null,
        "System.Tags": null,
        "Microsoft.VSTS.TCM.Steps": null,
        "Microsoft.VSTS.TCM.Parameters": null,
        "Microsoft.VSTS.TCM.LocalDataSource": null,
        "Microsoft.VSTS.TCM.AutomationStatus": null,
        "System.History": null
      },
      "relations": [
        {
          "rel": "System.LinkTypes.Hierarchy-Forward",
          "url": "https://dev.azure.com/rba/_apis/wit/workItems/1315",
          "attributes": {
            "isLocked": "false",
            "name": "Child"
          }
        },
        {
          "rel": "System.LinkTypes.Hierarchy-Forward",
          "url": "https://dev.azure.com/rba/_apis/wit/workItems/1334",
          "attributes": {
            "isLocked": "false",
            "name": "Child"
          }
        },
        {
          "rel": "System.LinkTypes.Hierarchy-Forward",
          "url": "https://dev.azure.com/rba/_apis/wit/workItems/1332",
          "attributes": {
            "isLocked": "false",
            "name": "Child"
          }
        },
        {
          "rel": "System.LinkTypes.Hierarchy-Forward",
          "url": "https://dev.azure.com/rba/_apis/wit/workItems/997",
          "attributes": {
            "isLocked": "false",
            "name": "Child"
          }
        },
        {
          "rel": "System.LinkTypes.Hierarchy-Forward",
          "url": "https://dev.azure.com/rba/_apis/wit/workItems/996",
          "attributes": {
            "isLocked": "false",
            "name": "Child"
          }
        },
        {
          "rel": "System.LinkTypes.Hierarchy-Forward",
          "url": "https://dev.azure.com/rba/_apis/wit/workItems/1333",
          "attributes": {
            "isLocked": "false",
            "name": "Child"
          }
        },
        {
          "rel": "ArtifactLink",
          "url": "vstfs:///Git/Commit/d58a2f78-779c-4cf7-a94d-476439870fcd%2f1b993b01-e87f-4dd2-b9ac-046ddb399306%2f545936d7dfadf8a48a0bfc49d9eb29b6d713af6d",
          "attributes": {
            "authorizedDate": "2019-11-15T16:11:35.523Z",
            "id": "1851614",
            "resourceCreatedDate": "2019-11-15T16:11:35.523Z",
            "resourceModifiedDate": "2019-11-15T16:11:35.523Z",
            "revisedDate": "9999-01-01T00:00:00Z",
            "name": "Fixed in Commit"
          }
        },
        {
          "rel": "ArtifactLink",
          "url": "vstfs:///Build/Build/1980",
          "attributes": {
            "authorizedDate": "2019-11-15T16:17:10.977Z",
            "id": "1851625",
            "resourceCreatedDate": "2019-11-15T16:17:10.977Z",
            "resourceModifiedDate": "2019-11-15T16:17:10.977Z",
            "revisedDate": "9999-01-01T00:00:00Z",
            "comment": "This build was automatically linked to this work item based on this work item's linked commits",
            "name": "Integrated in build"
          }
        },
        {
          "rel": "ArtifactLink",
          "url": "vstfs:///Git/PullRequestId/d58a2f78-779c-4cf7-a94d-476439870fcd%2F1b993b01-e87f-4dd2-b9ac-046ddb399306%2F242",
          "attributes": {
            "authorizedDate": "2019-11-15T16:09:40.393Z",
            "id": "1851611",
            "resourceCreatedDate": "2019-11-15T16:09:40.393Z",
            "resourceModifiedDate": "2019-11-15T16:09:40.393Z",
            "revisedDate": "9999-01-01T00:00:00Z",
            "name": "Pull Request"
          }
        }
      ],
      "url": "https://dev.azure.com/rba/_apis/wit/workItems/995"
    },
    {
      "id": 998,
      "rev": 3,
      "fields": {
        "System.AreaPath": "Mortenson",
        "System.TeamProject": "Mortenson",
        "System.IterationPath": "Mortenson",
        "System.WorkItemType": "Epic",
        "System.State": "Resolved",
        "System.Reason": "Features complete",
        "System.CreatedDate": "2019-03-20T19:10:22.397Z",
        "System.CreatedBy": "Mike.Goracke <Mike.Goracke@mortenson.com>",
        "System.ChangedDate": "2021-08-12T05:33:47.867Z",
        "System.ChangedBy": "Tom A. Iverson <TIverson-A@rbaconsulting.com>",
        "System.Title": "Manage Personalization",
        "Microsoft.VSTS.Scheduling.Effort": 0.0,
        "System.Description": null,
        "System.AssignedTo": "Mike.Goracke <Mike.Goracke@mortenson.com>",
        "Microsoft.VSTS.Scheduling.RemainingWork": 0.0,
        "Microsoft.VSTS.Common.Priority": 2.0,
        "System.BoardLane": null,
        "System.Tags": null,
        "Microsoft.VSTS.TCM.Steps": null,
        "Microsoft.VSTS.TCM.Parameters": null,
        "Microsoft.VSTS.TCM.LocalDataSource": null,
        "Microsoft.VSTS.TCM.AutomationStatus": null,
        "System.History": null
      },
      "relations": [
        {
          "rel": "System.LinkTypes.Hierarchy-Forward",
          "url": "https://dev.azure.com/rba/_apis/wit/workItems/999",
          "attributes": {
            "isLocked": "false",
            "name": "Child"
          }
        }
      ],
      "url": "https://dev.azure.com/rba/_apis/wit/workItems/998"
    },
    {
      "id": 6561,
      "rev": 9,
      "fields": {
        "System.AreaPath": "Mortenson",
        "System.TeamProject": "Mortenson",
        "System.IterationPath": "Mortenson",
        "System.WorkItemType": "Epic",
        "System.State": "Removed",
        "System.Reason": "Removed from the backlog",
        "System.CreatedDate": "2020-07-01T17:44:34.34Z",
        "System.CreatedBy": "Mike.Goracke <Mike.Goracke@mortenson.com>",
        "System.ChangedDate": "2020-12-19T16:00:43.107Z",
        "System.ChangedBy": "Mike.Goracke <Mike.Goracke@mortenson.com>",
        "System.Title": "Phase 2: Rest of Site",
        "Microsoft.VSTS.Scheduling.Effort": 240.0,
        "System.Description": "<div><li style=\"box-sizing:border-box;margin:0in 0in 8pt;font-size:11pt;font-family:Calibri, sans-serif;\"><span style=\"box-sizing:border-box;\">Create (3) Library Sections, Page Designs, and Partial Designs</span></li><li style=\"box-sizing:border-box;margin:0in 0in 8pt;font-size:11pt;font-family:Calibri, sans-serif;\"><span style=\"box-sizing:border-box;\">Visual Studio SXA Feature Setup</span></li><li style=\"box-sizing:border-box;margin:0in 0in 8pt;font-size:11pt;font-family:Calibri, sans-serif;\"><span style=\"box-sizing:border-box;\">Create Data Item Templates to Support Search</span></li><li style=\"box-sizing:border-box;margin:0in 0in 8pt;font-size:11pt;font-family:Calibri, sans-serif;\"><span style=\"box-sizing:border-box;\">Create SXA Tags and Serialize</span></li><li style=\"box-sizing:border-box;margin:0in 0in 8pt;font-size:11pt;font-family:Calibri, sans-serif;\"><span style=\"box-sizing:border-box;\">Configure Coveo Index Settings</span></li><li style=\"box-sizing:border-box;margin:0in 0in 8pt;font-size:11pt;font-family:Calibri, sans-serif;\"><span style=\"box-sizing:border-box;\">Configure Query Components</span></li><li style=\"box-sizing:border-box;margin:0in 0in 8pt;font-size:11pt;font-family:Calibri, sans-serif;\"><span style=\"box-sizing:border-box;\">Create (6) Custom Coveo Results Templates</span></li><li style=\"box-sizing:border-box;margin:0in 0in 8pt;font-size:11pt;font-family:Calibri, sans-serif;\"><span style=\"box-sizing:border-box;\">Configure Coveo Query Pipelines</span></li><li style=\"box-sizing:border-box;margin:0in 0in 8pt;font-size:11pt;font-family:Calibri, sans-serif;\"><span style=\"box-sizing:border-box;\">Export Query Pipelines into Production</span></li><li style=\"box-sizing:border-box;margin:0in 0in 8pt;font-size:11pt;font-family:Calibri, sans-serif;\"><span style=\"box-sizing:border-box;\">Create Mortenson Workflow</span></li><br><br></div>",
        "System.AssignedTo": "Derek Port <DPort@rbaconsulting.com>",
        "Microsoft.VSTS.Scheduling.RemainingWork": 0.0,
        "Microsoft.VSTS.Common.Priority": 2.0,
        "System.BoardLane": null,
        "System.Tags": "Back End",
        "Microsoft.VSTS.TCM.Steps": null,
        "Microsoft.VSTS.TCM.Parameters": null,
        "Microsoft.VSTS.TCM.LocalDataSource": null,
        "Microsoft.VSTS.TCM.AutomationStatus": null,
        "System.History": null
      },
      "relations": [
        {
          "rel": "System.LinkTypes.Hierarchy-Forward",
          "url": "https://dev.azure.com/rba/_apis/wit/workItems/9049",
          "attributes": {
            "isLocked": "false",
            "name": "Child"
          }
        },
        {
          "rel": "System.LinkTypes.Hierarchy-Forward",
          "url": "https://dev.azure.com/rba/_apis/wit/workItems/9035",
          "attributes": {
            "isLocked": "false",
            "name": "Child"
          }
        }
      ],
      "url": "https://dev.azure.com/rba/_apis/wit/workItems/6561"
    },
    {
      "id": 6706,
      "rev": 3,
      "fields": {
        "System.AreaPath": "Mortenson",
        "System.TeamProject": "Mortenson",
        "System.IterationPath": "Mortenson",
        "System.WorkItemType": "Epic",
        "System.State": "Closed",
        "System.Reason": "Acceptance tests pass",
        "System.CreatedDate": "2020-07-08T18:48:32.247Z",
        "System.CreatedBy": "Mike.Goracke <Mike.Goracke@mortenson.com>",
        "System.ChangedDate": "2021-08-12T05:33:47.867Z",
        "System.ChangedBy": "Tom A. Iverson <TIverson-A@rbaconsulting.com>",
        "System.Title": "Phase 1.5: Brand Refresh",
        "Microsoft.VSTS.Scheduling.Effort": 0.0,
        "System.Description": null,
        "System.AssignedTo": "Mike.Goracke <Mike.Goracke@mortenson.com>",
        "Microsoft.VSTS.Scheduling.RemainingWork": 0.0,
        "Microsoft.VSTS.Common.Priority": 2.0,
        "System.BoardLane": null,
        "System.Tags": null,
        "Microsoft.VSTS.TCM.Steps": null,
        "Microsoft.VSTS.TCM.Parameters": null,
        "Microsoft.VSTS.TCM.LocalDataSource": null,
        "Microsoft.VSTS.TCM.AutomationStatus": null,
        "System.History": null
      },
      "relations": [
        {
          "rel": "System.LinkTypes.Hierarchy-Forward",
          "url": "https://dev.azure.com/rba/_apis/wit/workItems/6556",
          "attributes": {
            "isLocked": "false",
            "name": "Child"
          }
        },
        {
          "rel": "System.LinkTypes.Hierarchy-Forward",
          "url": "https://dev.azure.com/rba/_apis/wit/workItems/7192",
          "attributes": {
            "isLocked": "false",
            "name": "Child"
          }
        },
        {
          "rel": "System.LinkTypes.Hierarchy-Forward",
          "url": "https://dev.azure.com/rba/_apis/wit/workItems/5645",
          "attributes": {
            "isLocked": "false",
            "name": "Child"
          }
        },
        {
          "rel": "System.LinkTypes.Hierarchy-Forward",
          "url": "https://dev.azure.com/rba/_apis/wit/workItems/5646",
          "attributes": {
            "isLocked": "false",
            "name": "Child"
          }
        },
        {
          "rel": "System.LinkTypes.Hierarchy-Forward",
          "url": "https://dev.azure.com/rba/_apis/wit/workItems/5644",
          "attributes": {
            "isLocked": "false",
            "name": "Child"
          }
        }
      ],
      "url": "https://dev.azure.com/rba/_apis/wit/workItems/6706"
    }
  ],
  "HttpStatusCode": 0,
  "Message": null
}