{
  "count": 5,
  "value": [
    {
      "id": 3301,
      "rev": 13,
      "fields": {
        "System.AreaPath": "Mortenson",
        "System.TeamProject": "Mortenson",
        "System.IterationPath": "Mortenson",
        "System.WorkItemType": "Feature",
        "System.State": "Resolved",
        "System.Reason": "Stories complete",
        "System.CreatedDate": "2019-10-30T14:52:28.013Z",
        "System.CreatedBy": "Derek Port <DPort@rbaconsulting.com>",
        "System.ChangedDate": "2020-03-02T16:59:41.417Z",
        "System.ChangedBy": "Dan Lopez <DLopez@rbaconsulting.com>",
        "System.Title": "Sitecore hotfix remediation",
        "Microsoft.VSTS.Scheduling.Effort": 0.0,
        "System.Description": "<div>Bucket feature to work through remaining items around the hotfix from Sitecore for go-live on/before 11/8</div>",
        "System.AssignedTo": "Derek Port <DPort@rbaconsulting.com>",
        "Microsoft.VSTS.Scheduling.RemainingWork": 0.0,
        "Microsoft.VSTS.Common.Priority": 1.0,
        "System.BoardLane": null,
        "System.Tags": null,
        "Microsoft.VSTS.TCM.Steps": null,
        "Microsoft.VSTS.TCM.Parameters": null,
        "Microsoft.VSTS.TCM.LocalDataSource": null,
        "Microsoft.VSTS.TCM.AutomationStatus": null,
        "System.History": null
      },
      "relations": [
        {
          "rel": "System.LinkTypes.Hierarchy-Forward",
          "url": "https://dev.azure.com/rba/_apis/wit/workItems/3302",
          "attributes": {
            "isLocked": "false",
            "comment": "Incorrect serialization config using hard-coded pathing",
            "name": "Child"
          }
        },
        {
          "rel": "ArtifactLink",
          "url": "vstfs:///Git/Commit/d58a2f78-779c-4cf7-a94d-476439870fcd%2f1b993b01-e87f-4dd2-b9ac-046ddb399306%2f003bd82477cff8f6632caab8c7b2968a6267079f",
          "attributes": {
            "authorizedDate": "2019-10-30T18:34:55.763Z",
            "id": "1822290",
            "resourceCreatedDate": "2019-10-30T18:34:55.763Z",
            "resourceModifiedDate": "2019-10-30T18:34:55.763Z",
            "revisedDate": "9999-01-01T00:00:00Z",
            "name": "Fixed in Commit"
          }
        },
        {
          "rel": "ArtifactLink",
          "url": "vstfs:///Git/Commit/d58a2f78-779c-4cf7-a94d-476439870fcd%2f1b993b01-e87f-4dd2-b9ac-046ddb399306%2fd334d79d0013cbaec7779b503777b87c9a798984",
          "attributes": {
            "authorizedDate": "2019-10-30T17:07:00.193Z",
            "id": "1822124",
            "resourceCreatedDate": "2019-10-30T17:07:00.193Z",
            "resourceModifiedDate": "2019-10-30T17:07:00.193Z",
            "revisedDate": "9999-01-01T00:00:00Z",
            "name": "Fixed in Commit"
          }
        },
        {
          "rel": "ArtifactLink",
          "url": "vstfs:///Build/Build/1955",
          "attributes": {
            "authorizedDate": "2019-11-11T16:23:15.8Z",
            "id": "1839499",
            "resourceCreatedDate": "2019-11-11T16:23:15.8Z",
            "resourceModifiedDate": "2019-11-11T16:23:15.8Z",
            "revisedDate": "9999-01-01T00:00:00Z",
            "comment": "This build was automatically linked to this work item based on this work item's linked commits",
            "name": "Integrated in build"
          }
        },
        {
          "rel": "ArtifactLink",
          "url": "vstfs:///Build/Build/1924",
          "attributes": {
            "authorizedDate": "2019-10-30T17:12:59.147Z",
            "id": "1822134",
            "resourceCreatedDate": "2019-10-30T17:12:59.147Z",
            "resourceModifiedDate": "2019-10-30T17:12:59.147Z",
            "revisedDate": "9999-01-01T00:00:00Z",
            "comment": "This build was automatically linked to this work item based on this work item's linked commits",
            "name": "Integrated in build"
          }
        },
        {
          "rel": "ArtifactLink",
          "url": "vstfs:///Git/Commit/d58a2f78-779c-4cf7-a94d-476439870fcd%2F1b993b01-e87f-4dd2-b9ac-046ddb399306%2Fe75628a7b2ab43fe46dc5c79a02566ce4e6c1295",
          "attributes": {
            "authorizedDate": "2019-10-30T17:01:11.543Z",
            "id": "1822115",
            "resourceCreatedDate": "2019-10-30T17:01:11.543Z",
            "resourceModifiedDate": "2019-10-30T17:01:11.543Z",
            "revisedDate": "9999-01-01T00:00:00Z",
            "name": "Fixed in Commit"
          }
        },
        {
          "rel": "ArtifactLink",
          "url": "vstfs:///Build/Build/1927",
          "attributes": {
            "authorizedDate": "2019-10-30T18:40:24.49Z",
            "id": "1822300",
            "resourceCreatedDate": "2019-10-30T18:40:24.49Z",
            "resourceModifiedDate": "2019-10-30T18:40:24.49Z",
            "revisedDate": "9999-01-01T00:00:00Z",
            "comment": "This build was automatically linked to this work item based on this work item's linked commits",
            "name": "Integrated in build"
          }
        },
        {
          "rel": "ArtifactLink",
          "url": "vstfs:///Git/PullRequestId/d58a2f78-779c-4cf7-a94d-476439870fcd%2F1b993b01-e87f-4dd2-b9ac-046ddb399306%2F234",
          "attributes": {
            "authorizedDate": "2019-10-30T18:34:53.127Z",
            "id": "1822289",
            "resourceCreatedDate": "2019-10-30T18:34:53.127Z",
            "resourceModifiedDate": "2019-10-30T18:34:53.127Z",
            "revisedDate": "9999-01-01T00:00:00Z",
            "name": "Pull Request"
          }
        },
        {
          "rel": "ArtifactLink",
          "url": "vstfs:///Git/PullRequestId/d58a2f78-779c-4cf7-a94d-476439870fcd%2f1b993b01-e87f-4dd2-b9ac-046ddb399306%2f233",
          "attributes": {
            "authorizedDate": "2019-10-30T17:01:25.19Z",
            "id": "1822118",
            "resourceCreatedDate": "2019-10-30T17:01:25.19Z",
            "resourceModifiedDate": "2019-10-30T17:01:25.19Z",
            "revisedDate": "9999-01-01T00:00:00Z",
            "name": "Pull Request"
          }
        }
      ],
      "url": "https://dev.azure.com/rba/_apis/wit/workItems/3301"
    },
    {
      "id": 4178,
      "rev": 3,
      "fields": {
        "System.AreaPath": "Mortenson",
        "System.TeamProject": "Mortenson",
        "System.IterationPath": "Mortenson",
        "System.WorkItemType": "Feature",
        "System.State": "Active",
        "System.Reason": "Implementation started",
        "System.CreatedDate": "2020-02-14T16:39:51.993Z",
        "System.CreatedBy": "Greg Manrodt MSFT <greg.manrodt@rbaconsulting.com>",
        "System.ChangedDate": "2020-04-07T18:07:40.803Z",
        "System.ChangedBy": "Derek Port <DPort@rbaconsulting.com>",
        "System.Title": "Implement Coveo for Careers Search",
        "Microsoft.VSTS.Scheduling.Effort": 0.0,
        "System.Description": null,
        "System.AssignedTo": "Greg Manrodt <gmanrodt@rbaconsulting.com>",
        "Microsoft.VSTS.Scheduling.RemainingWork": 0.0,
        "Microsoft.VSTS.Common.Priority": 2.0,
        "System.BoardLane": null,
        "System.Tags": null,
        "Microsoft.VSTS.TCM.Steps": null,
        "Microsoft.VSTS.TCM.Parameters": null,
        "Microsoft.VSTS.TCM.LocalDataSource": null,
        "Microsoft.VSTS.TCM.AutomationStatus": null,
        "System.History": null
      },
      "relations": [
        {
          "rel": "System.LinkTypes.Hierarchy-Forward",
          "url": "https://dev.azure.com/rba/_apis/wit/workItems/4180",
          "attributes": {
            "isLocked": "false",
            "name": "Child"
          }
        },
        {
          "rel": "System.LinkTypes.Hierarchy-Forward",
          "url": "https://dev.azure.com/rba/_apis/wit/workItems/5290",
          "attributes": {
            "isLocked": "false",
            "name": "Child"
          }
        },
        {
          "rel": "System.LinkTypes.Hierarchy-Forward",
          "url": "https://dev.azure.com/rba/_apis/wit/workItems/5325",
          "attributes": {
            "isLocked": "false",
            "name": "Child"
          }
        },
        {
          "rel": "System.LinkTypes.Hierarchy-Forward",
          "url": "https://dev.azure.com/rba/_apis/wit/workItems/5036",
          "attributes": {
            "isLocked": "false",
            "name": "Child"
          }
        },
        {
          "rel": "System.LinkTypes.Hierarchy-Forward",
          "url": "https://dev.azure.com/rba/_apis/wit/workItems/5202",
          "attributes": {
            "isLocked": "false",
            "name": "Child"
          }
        },
        {
          "rel": "System.LinkTypes.Hierarchy-Forward",
          "url": "https://dev.azure.com/rba/_apis/wit/workItems/4181",
          "attributes": {
            "isLocked": "false",
            "name": "Child"
          }
        },
        {
          "rel": "System.LinkTypes.Hierarchy-Forward",
          "url": "https://dev.azure.com/rba/_apis/wit/workItems/5122",
          "attributes": {
            "isLocked": "false",
            "comment": "Install Coveo for Sitecore and Coveo for Sitecore SXA on the Prod CM instance.  Create CD versions of the same packages as described in the Coveo documentation",
            "name": "Child"
          }
        },
        {
          "rel": "System.LinkTypes.Hierarchy-Forward",
          "url": "https://dev.azure.com/rba/_apis/wit/workItems/5443",
          "attributes": {
            "isLocked": "false",
            "name": "Child"
          }
        },
        {
          "rel": "System.LinkTypes.Hierarchy-Forward",
          "url": "https://dev.azure.com/rba/_apis/wit/workItems/4179",
          "attributes": {
            "isLocked": "false",
            "name": "Child"
          }
        }
      ],
      "url": "https://dev.azure.com/rba/_apis/wit/workItems/4178"
    },
    {
      "id": 9035,
      "rev": 4,
      "fields": {
        "System.AreaPath": "Mortenson",
        "System.TeamProject": "Mortenson",
        "System.IterationPath": "Mortenson",
        "System.WorkItemType": "Feature",
        "System.State": "Removed",
        "System.Reason": "Removed from the backlog",
        "System.CreatedDate": "2020-08-21T14:45:15.173Z",
        "System.CreatedBy": "Mike.Goracke <Mike.Goracke@mortenson.com>",
        "System.ChangedDate": "2020-12-19T16:00:13.16Z",
        "System.ChangedBy": "Mike.Goracke <Mike.Goracke@mortenson.com>",
        "System.Title": "Project (Library)",
        "Microsoft.VSTS.Scheduling.Effort": 0.0,
        "System.Description": "<div><p style=\"margin:0in 0in 8pt;font-size:11pt;font-family:Calibri, sans-serif;\">The system should be configured so that there is a Project\nitem that resides beneath Home (ie: Home &gt; Projects). Internally, $ProjectName$\nrefers to this as, the “Project Library”. All child items of Projects should be\ntagged/identified as a “project”.</p><br></div>",
        "System.AssignedTo": "Nick Daigle <ndaigle@rbaconsulting.com>",
        "Microsoft.VSTS.Scheduling.RemainingWork": 0.0,
        "Microsoft.VSTS.Common.Priority": 2.0,
        "System.BoardLane": null,
        "System.Tags": null,
        "Microsoft.VSTS.TCM.Steps": null,
        "Microsoft.VSTS.TCM.Parameters": null,
        "Microsoft.VSTS.TCM.LocalDataSource": null,
        "Microsoft.VSTS.TCM.AutomationStatus": null,
        "System.History": null
      },
      "relations": [
        {
          "rel": "System.LinkTypes.Hierarchy-Reverse",
          "url": "https://dev.azure.com/rba/_apis/wit/workItems/6561",
          "attributes": {
            "isLocked": "false",
            "name": "Parent"
          }
        },
        {
          "rel": "System.LinkTypes.Hierarchy-Forward",
          "url": "https://dev.azure.com/rba/_apis/wit/workItems/9037",
          "attributes": {
            "isLocked": "false",
            "name": "Child"
          }
        },
        {
          "rel": "System.LinkTypes.Hierarchy-Forward",
          "url": "https://dev.azure.com/rba/_apis/wit/workItems/9036",
          "attributes": {
            "isLocked": "false",
            "name": "Child"
          }
        }
      ],
      "url": "https://dev.azure.com/rba/_apis/wit/workItems/9035"
    },
    {
      "id": 9049,
      "rev": 3,
      "fields": {
        "System.AreaPath": "Mortenson",
        "System.TeamProject": "Mortenson",
        "System.IterationPath": "Mortenson",
        "System.WorkItemType": "Feature",
        "System.State": "Removed",
        "System.Reason": "Removed from the backlog",
        "System.CreatedDate": "2020-08-21T17:34:22.3Z",
        "System.CreatedBy": "Mike.Goracke <Mike.Goracke@mortenson.com>",
        "System.ChangedDate": "2020-12-19T16:00:22.893Z",
        "System.ChangedBy": "Mike.Goracke <Mike.Goracke@mortenson.com>",
        "System.Title": "Team (Library)",
        "Microsoft.VSTS.Scheduling.Effort": 0.0,
        "System.Description": "<div><p style=\"margin:0in 0in 8pt;font-size:11pt;font-family:Calibri, sans-serif;\">The system should be configured so that there is a Team item\nthat resides beneath Home (ie: Home &gt; Team). Internally, Mortenson refers to\nthis as, the “Team Library”. All child items of Team should be\ntagged/identified as a “team member”.</p><br></div>",
        "System.AssignedTo": "Nick Daigle <ndaigle@rbaconsulting.com>",
        "Microsoft.VSTS.Scheduling.RemainingWork": 0.0,
        "Microsoft.VSTS.Common.Priority": 2.0,
        "System.BoardLane": null,
        "System.Tags": null,
        "Microsoft.VSTS.TCM.Steps": null,
        "Microsoft.VSTS.TCM.Parameters": null,
        "Microsoft.VSTS.TCM.LocalDataSource": null,
        "Microsoft.VSTS.TCM.AutomationStatus": null,
        "System.History": null
      },
      "relations": [
        {
          "rel": "System.LinkTypes.Hierarchy-Reverse",
          "url": "https://dev.azure.com/rba/_apis/wit/workItems/6561",
          "attributes": {
            "isLocked": "false",
            "name": "Parent"
          }
        },
        {
          "rel": "System.LinkTypes.Hierarchy-Forward",
          "url": "https://dev.azure.com/rba/_apis/wit/workItems/9051",
          "attributes": {
            "isLocked": "false",
            "name": "Child"
          }
        },
        {
          "rel": "System.LinkTypes.Hierarchy-Forward",
          "url": "https://dev.azure.com/rba/_apis/wit/workItems/9050",
          "attributes": {
            "isLocked": "false",
            "name": "Child"
          }
        }
      ],
      "url": "https://dev.azure.com/rba/_apis/wit/workItems/9049"
    },
    {
      "id": 12763,
      "rev": 2,
      "fields": {
        "System.AreaPath": "Mortenson",
        "System.TeamProject": "Mortenson",
        "System.IterationPath": "Mortenson",
        "System.WorkItemType": "Feature",
        "System.State": "Removed",
        "System.Reason": "Removed from the backlog",
        "System.CreatedDate": "2020-11-17T18:36:38.467Z",
        "System.CreatedBy": "Mike.Goracke <Mike.Goracke@mortenson.com>",
        "System.ChangedDate": "2020-12-19T16:00:00.21Z",
        "System.ChangedBy": "Mike.Goracke <Mike.Goracke@mortenson.com>",
        "System.Title": "News (Library)",
        "Microsoft.VSTS.Scheduling.Effort": 0.0,
        "System.Description": "<div><p style=\"margin:0in 0in 8pt;font-size:11pt;font-family:Calibri, sans-serif;\">The system should be configured so that there is a Newsroom\nitem that resides beneath Home (ie: Home &gt; Newsroom). Internally, $ProjectName$\nrefers to this as, the “News Library”. All child items of Newsroom should be\ntagged/identified as a “news” – which is comprised of: news, insight, video,\nwebcam, podcast, etc. items.</p><br></div>",
        "System.AssignedTo": null,
        "Microsoft.VSTS.Scheduling.RemainingWork": 0.0,
        "Microsoft.VSTS.Common.Priority": 2.0,
        "System.BoardLane": null,
        "System.Tags": null,
        "Microsoft.VSTS.TCM.Steps": null,
        "Microsoft.VSTS.TCM.Parameters": null,
        "Microsoft.VSTS.TCM.LocalDataSource": null,
        "Microsoft.VSTS.TCM.AutomationStatus": null,
        "System.History": null
      },
      "relations": [
        {
          "rel": "System.LinkTypes.Hierarchy-Forward",
          "url": "https://dev.azure.com/rba/_apis/wit/workItems/12764",
          "attributes": {
            "isLocked": "false",
            "name": "Child"
          }
        },
        {
          "rel": "System.LinkTypes.Hierarchy-Forward",
          "url": "https://dev.azure.com/rba/_apis/wit/workItems/12771",
          "attributes": {
            "isLocked": "false",
            "name": "Child"
          }
        }
      ],
      "url": "https://dev.azure.com/rba/_apis/wit/workItems/12763"
    }
  ],
  "HttpStatusCode": 0,
  "Message": null
}