{
  "options": [
    {
      "enabled": true,
      "definition": {
        "id": "5d58cc01-7c75-450c-be18-a388ddb129ec"
      },
      "inputs": {
        "branchFilters": "[\"+refs/heads/*\"]",
        "additionalFields": "{}"
      }
    },
    {
      "enabled": false,
      "definition": {
        "id": "a9db38f9-9fdc-478c-b0f9-464221e58316"
      },
      "inputs": {
        "workItemType": "Bug",
        "assignToRequestor": "true",
        "additionalFields": "{}"
      }
    }
  ],
  "triggers": [
    {
      "branchFilters": [
        "+refs/heads/dmz"
      ],
      "pathFilters": [],
      "batchChanges": false,
      "maxConcurrentBuildsPerBranch": 1,
      "pollingInterval": 0,
      "triggerType": "continuousIntegration"
    }
  ],
  "variables": {
    "buildPassword": {
      "value": null,
      "isSecret": true
    },
    "buildUser": {
      "value": "rba\\TFSBuildService"
    },
    "system.debug": {
      "value": "false",
      "allowOverride": true
    }
  },
  "retentionRules": [
    {
      "branches": [
        "+refs/heads/*"
      ],
      "artifacts": [],
      "artifactTypesToDelete": [
        "FilePath",
        "SymbolStore"
      ],
      "daysToKeep": 10,
      "minimumToKeep": 1,
      "deleteBuildRecord": true,
      "deleteTestResults": true
    }
  ],
  "properties": {},
  "tags": [],
  "_links": "{}",
  "buildNumberFormat": "Mortenson.DMZtoMaster.$(date:yyyyMMdd)$(rev:.r)",
  "comment": "Changed out agent pool as other build agent was having issues.",
  "jobAuthorizationScope": "projectCollection",
  "jobTimeoutInMinutes": 60,
  "jobCancelTimeoutInMinutes": 5,
  "process": {
    "phases": [
      {
        "steps": [
          {
            "environment": {},
            "enabled": true,
            "continueOnError": false,
            "alwaysRun": false,
            "displayName": "Use Node 10.x - Creative Exchange Build",
            "timeoutInMinutes": 0,
            "condition": "succeeded()",
            "task": {
              "id": "31c75bbb-bcdf-4706-8d7c-4da6a1959bc2",
              "versionSpec": "0.*",
              "definitionType": "task"
            },
            "inputs": {
              "versionSpec": "10.x",
              "checkLatest": "false"
            }
          },
          {
            "environment": {},
            "enabled": true,
            "continueOnError": false,
            "alwaysRun": false,
            "displayName": "NPM Install - Main Build",
            "timeoutInMinutes": 0,
            "condition": "succeeded()",
            "task": {
              "id": "fe47e961-9fa8-4106-8639-368c022d43ad",
              "versionSpec": "1.*",
              "definitionType": "task"
            },
            "inputs": {
              "command": "install",
              "workingDir": "",
              "verbose": "true",
              "customCommand": "",
              "customRegistry": "useNpmrc",
              "customFeed": "",
              "customEndpoint": "",
              "publishRegistry": "useExternalRegistry",
              "publishFeed": "",
              "publishPackageMetadata": "true",
              "publishEndpoint": ""
            }
          },
          {
            "environment": {},
            "enabled": true,
            "continueOnError": false,
            "alwaysRun": false,
            "displayName": "NPM Install - Creative Exchange Build",
            "timeoutInMinutes": 0,
            "condition": "succeeded()",
            "task": {
              "id": "fe47e961-9fa8-4106-8639-368c022d43ad",
              "versionSpec": "1.*",
              "definitionType": "task"
            },
            "inputs": {
              "command": "install",
              "workingDir": "scripts/CreativeExchangeBuild",
              "verbose": "true",
              "customCommand": "",
              "customRegistry": "useNpmrc",
              "customFeed": "",
              "customEndpoint": "",
              "publishRegistry": "useExternalRegistry",
              "publishFeed": "",
              "publishPackageMetadata": "true",
              "publishEndpoint": ""
            }
          },
          {
            "environment": {},
            "enabled": true,
            "continueOnError": false,
            "alwaysRun": false,
            "displayName": "Replace cxBuildConfig.js with Environment Directories/Variables",
            "timeoutInMinutes": 0,
            "condition": "succeeded()",
            "task": {
              "id": "e213ff0f-5d5c-4791-802d-52ea3e7be1f1",
              "versionSpec": "2.*",
              "definitionType": "task"
            },
            "inputs": {
              "targetType": "inline",
              "filePath": "",
              "arguments": "",
              "script": "(Get-Content cxBuildConfig.js) | ForEach-Object { $_ -Replace \"C:\\\\inetpub\\\\wwwroot\\\\mortenson.local\",\"D:\\home\\site\\wwwroot\"} | Out-File cxBuildConfig.js -Encoding UTF8\n(Get-Content cxBuildConfig.js) | ForEach-Object { $_ -Replace \"DEV\",\"AZURE\"} | Out-File cxBuildConfig.js -Encoding UTF8",
              "errorActionPreference": "stop",
              "failOnStderr": "true",
              "ignoreLASTEXITCODE": "false",
              "pwsh": "false",
              "workingDirectory": "scripts/CreativeExchangeBuild"
            }
          },
          {
            "environment": {},
            "enabled": true,
            "continueOnError": false,
            "alwaysRun": false,
            "displayName": "Gulp Deploy - Main Build",
            "timeoutInMinutes": 0,
            "condition": "succeeded()",
            "task": {
              "id": "b82cfbe4-34f9-40f5-889e-c8842ca9dd9d",
              "versionSpec": "0.*",
              "definitionType": "task"
            },
            "inputs": {
              "gulpFile": "gulpfile.js",
              "targets": "deploy",
              "arguments": "",
              "cwd": "",
              "gulpjs": "node_modules/gulp/bin/gulp.js",
              "publishJUnitResults": "false",
              "testResultsFiles": "**/TEST-*.xml",
              "testRunTitle": "",
              "enableCodeCoverage": "false",
              "testFramework": "Mocha",
              "srcFiles": "",
              "testFiles": "test/*.js"
            }
          },
          {
            "environment": {},
            "enabled": true,
            "continueOnError": false,
            "alwaysRun": false,
            "displayName": "Gulp Deploy - Creative Exchange Build",
            "timeoutInMinutes": 0,
            "condition": "succeeded()",
            "task": {
              "id": "b82cfbe4-34f9-40f5-889e-c8842ca9dd9d",
              "versionSpec": "0.*",
              "definitionType": "task"
            },
            "inputs": {
              "gulpFile": "scripts/CreativeExchangeBuild/gulpfile.esm.js",
              "targets": "build",
              "arguments": "",
              "cwd": "",
              "gulpjs": "node_modules/gulp/bin/gulp.js",
              "publishJUnitResults": "false",
              "testResultsFiles": "**/TEST-*.xml",
              "testRunTitle": "",
              "enableCodeCoverage": "false",
              "testFramework": "Mocha",
              "srcFiles": "",
              "testFiles": "test/*.js"
            }
          },
          {
            "environment": {},
            "enabled": true,
            "continueOnError": false,
            "alwaysRun": false,
            "displayName": "VsTest - testAssemblies",
            "timeoutInMinutes": 0,
            "condition": "succeeded()",
            "task": {
              "id": "ef087383-ee5e-42c7-9a53-ab56c98420f9",
              "versionSpec": "2.*",
              "definitionType": "task"
            },
            "inputs": {
              "testSelector": "testAssemblies",
              "testAssemblyVer2": "**\\*test*.dll\n!**\\*TestAdapter.dll\n!**\\obj\\**",
              "testPlan": "",
              "testSuite": "",
              "testConfiguration": "",
              "tcmTestRun": "$(test.RunId)",
              "searchFolder": "$(System.DefaultWorkingDirectory)",
              "testFiltercriteria": "",
              "runOnlyImpactedTests": "False",
              "runAllTestsAfterXBuilds": "50",
              "uiTests": "false",
              "vstestLocationMethod": "version",
              "vsTestVersion": "latest",
              "vstestLocation": "",
              "runSettingsFile": "",
              "overrideTestrunParameters": "",
              "pathtoCustomTestAdapters": "",
              "runInParallel": "False",
              "runTestsInIsolation": "False",
              "codeCoverageEnabled": "False",
              "otherConsoleOptions": "",
              "distributionBatchType": "basedOnTestCases",
              "batchingBasedOnAgentsOption": "autoBatchSize",
              "customBatchSizeValue": "10",
              "batchingBasedOnExecutionTimeOption": "autoBatchSize",
              "customRunTimePerBatchValue": "60",
              "dontDistribute": "False",
              "testRunTitle": "",
              "platform": "",
              "configuration": "",
              "publishRunAttachments": "true",
              "diagnosticsEnabled": "True",
              "collectDumpOn": "onAbortOnly",
              "rerunFailedTests": "False",
              "rerunType": "basedOnTestFailurePercentage",
              "rerunFailedThreshold": "30",
              "rerunFailedTestCasesMaxLimit": "5",
              "rerunMaxAttempts": "3"
            }
          },
          {
            "environment": {},
            "enabled": true,
            "continueOnError": false,
            "alwaysRun": false,
            "displayName": "Publish Test Results **/TestResult.xml",
            "timeoutInMinutes": 0,
            "condition": "succeeded()",
            "task": {
              "id": "0b0f01ed-7dde-43ff-9cbb-e48954daf9b1",
              "versionSpec": "2.*",
              "definitionType": "task"
            },
            "inputs": {
              "testRunner": "NUnit",
              "testResultsFiles": "**/TestResult.xml",
              "searchFolder": "$(System.DefaultWorkingDirectory)",
              "mergeTestResults": "false",
              "failTaskOnFailedTests": "false",
              "testRunTitle": "",
              "platform": "",
              "configuration": "",
              "publishRunAttachments": "true"
            }
          },
          {
            "environment": {},
            "enabled": true,
            "continueOnError": false,
            "alwaysRun": false,
            "displayName": "Run Git Checkout",
            "timeoutInMinutes": 0,
            "condition": "succeeded()",
            "task": {
              "id": "d9bafed4-0b18-4f58-968d-86655b4d2ce9",
              "versionSpec": "1.*",
              "definitionType": "task"
            },
            "inputs": {
              "filename": "git",
              "arguments": "checkout -f master",
              "workingFolder": "",
              "failOnStandardError": "false"
            }
          },
          {
            "environment": {},
            "enabled": true,
            "continueOnError": false,
            "alwaysRun": false,
            "displayName": "Run Git Merge",
            "timeoutInMinutes": 0,
            "condition": "succeeded()",
            "task": {
              "id": "d9bafed4-0b18-4f58-968d-86655b4d2ce9",
              "versionSpec": "1.*",
              "definitionType": "task"
            },
            "inputs": {
              "filename": "git",
              "arguments": "merge origin/dmz",
              "workingFolder": "",
              "failOnStandardError": "false"
            }
          },
          {
            "environment": {},
            "enabled": true,
            "continueOnError": false,
            "alwaysRun": false,
            "displayName": "Run Git Push",
            "timeoutInMinutes": 0,
            "condition": "succeeded()",
            "task": {
              "id": "d9bafed4-0b18-4f58-968d-86655b4d2ce9",
              "versionSpec": "1.*",
              "definitionType": "task"
            },
            "inputs": {
              "filename": "git",
              "arguments": "push origin",
              "workingFolder": "",
              "failOnStandardError": "false"
            }
          }
        ],
        "name": "Phase 1",
        "refName": "Job_1",
        "condition": "succeeded()",
        "target": {
          "executionOptions": {
            "type": 0
          },
          "allowScriptsAuthAccessOption": true,
          "type": 1,
          "queue": "{}"
        },
        "jobAuthorizationScope": "projectCollection"
      }
    ],
    "target": {
      "agentSpecification": {
        "identifier": "vs2017-win2016"
      }
    },
    "type": 1
  },
  "repository": {
    "properties": {
      "cleanOptions": "0",
      "labelSources": "0",
      "labelSourcesFormat": "$(build.buildNumber)",
      "reportBuildStatus": "true",
      "gitLfsSupport": "false",
      "skipSyncSource": "false",
      "checkoutNestedSubmodules": "false",
      "fetchDepth": "0",
      "connectedServiceId": ""
    },
    "id": "$Mortenson$",
    "type": "TfsGit",
    "name": "Mortenson",
    "url": "",
    "defaultBranch": "refs/heads/dmz",
    "clean": "false",
    "checkoutSubmodules": false
  },
  "processParameters": {},
  "quality": "definition",
  "authoredBy": "{}",
  "drafts": [],
  "queue": {
    "_links": "{}",
    "id": "",
    "name": "Azure Pipelines",
    "url": "",
    "pool": {
      "id": "",
      "name": "Azure Pipelines",
      "isHosted": true
    }
  },
  "id": "",
  "name": "Mortenson.DMZtoMaster",
  "url": "",
  "uri": "",
  "path": "\\",
  "type": "build",
  "queueStatus": "enabled",
  "revision": 10,
  "createdDate": "",
  "project": "{}"
}