{
  "options": [
    {
      "enabled": false,
      "definition": {
        "id": "5d58cc01-7c75-450c-be18-a388ddb129ec"
      },
      "inputs": {
        "branchFilters": "[\"+refs/heads/*\"]",
        "additionalFields": "{}"
      }
    },
    {
      "enabled": false,
      "definition": {
        "id": "a9db38f9-9fdc-478c-b0f9-464221e58316"
      },
      "inputs": {
        "workItemType": "Bug",
        "assignToRequestor": "true",
        "additionalFields": "{}"
      }
    }
  ],
  "triggers": [
    {
      "branchFilters": [
        "+refs/heads/master"
      ],
      "pathFilters": [],
      "batchChanges": false,
      "maxConcurrentBuildsPerBranch": 1,
      "pollingInterval": 0,
      "triggerType": "continuousIntegration"
    }
  ],
  "variables": {
    "Assembly.Company": {
      "value": "RBA, Inc."
    },
    "BuildConfiguration": {
      "value": "release"
    },
    "BuildPlatform": {
      "value": "any cpu"
    },
    "system.debug": {
      "value": "false",
      "allowOverride": true
    },
    "VersionMajor": {
      "value": "0"
    },
    "VersionMinor": {
      "value": "1"
    },
    "VersionPatch": {
      "value": "0"
    }
  },
  "retentionRules": [
    {
      "branches": [
        "+refs/heads/*"
      ],
      "artifacts": [],
      "artifactTypesToDelete": [
        "FilePath",
        "SymbolStore"
      ],
      "daysToKeep": 10,
      "minimumToKeep": 1,
      "deleteBuildRecord": true,
      "deleteTestResults": true
    }
  ],
  "properties": {},
  "tags": [],
  "_links": "{}",
  "buildNumberFormat": "Mortenson.Master.CI.$(VersionMajor).$(VersionMinor).$(VersionPatch).$(Build.BuildID)",
  "comment": "Disable the copying of Coveo CD zip files",
  "jobAuthorizationScope": "projectCollection",
  "jobTimeoutInMinutes": 60,
  "jobCancelTimeoutInMinutes": 5,
  "process": {
    "phases": [
      {
        "steps": [
          {
            "environment": {},
            "enabled": true,
            "continueOnError": false,
            "alwaysRun": false,
            "displayName": "Use Node 10.x - Creative Exchange Build",
            "timeoutInMinutes": 0,
            "condition": "succeeded()",
            "task": {
              "id": "31c75bbb-bcdf-4706-8d7c-4da6a1959bc2",
              "versionSpec": "0.*",
              "definitionType": "task"
            },
            "inputs": {
              "versionSpec": "10.x",
              "checkLatest": "false",
              "force32bit": "false"
            }
          },
          {
            "environment": {},
            "enabled": true,
            "continueOnError": false,
            "alwaysRun": false,
            "displayName": "Update Assembly: **\\*AssemblyInfo.*",
            "timeoutInMinutes": 0,
            "condition": "succeeded()",
            "task": {
              "id": "406f4a5c-0823-4881-87cd-008b5aa90bc5",
              "versionSpec": "2.*",
              "definitionType": "task"
            },
            "inputs": {
              "assemblyInfoFiles": "**\\*AssemblyInfo.*",
              "ensureAttribute": "true",
              "description": "Build: $(Build.BuildNumber) - Commit: $(Build.SourceVersion)",
              "configuration": "$(BuildConfiguration)",
              "company": "",
              "product": "",
              "copyright": "Copyright © $(Assembly.Company) $(Date:yyyy)",
              "trademark": "$(Assembly.Company)",
              "culture": "",
              "informationalVersion": "$(Assembly.FileVersion)",
              "comVisible": "none",
              "clsCompliant": "none",
              "fileVersionMajor": "$(VersionMajor)",
              "fileVersionMinor": "$(VersionMinor)",
              "fileVersionBuild": "$(VersionPatch)",
              "fileVersionRevision": "$(Build.BuildId)",
              "assemblyVersionMajor": "$(VersionMajor)",
              "assemblyVersionMinor": "$(VersionMinor)",
              "assemblyVersionBuild": "$(VersionPatch)",
              "assemblyVersionRevision": "$(Build.BuildId)",
              "customAttributes": ""
            }
          },
          {
            "environment": {},
            "enabled": true,
            "continueOnError": false,
            "alwaysRun": false,
            "displayName": "NPM Install - Main Build",
            "timeoutInMinutes": 0,
            "condition": "succeeded()",
            "task": {
              "id": "fe47e961-9fa8-4106-8639-368c022d43ad",
              "versionSpec": "1.*",
              "definitionType": "task"
            },
            "inputs": {
              "command": "install",
              "workingDir": "",
              "verbose": "true",
              "customCommand": "",
              "customRegistry": "useNpmrc",
              "customFeed": "",
              "customEndpoint": "",
              "publishRegistry": "useExternalRegistry",
              "publishFeed": "",
              "publishPackageMetadata": "true",
              "publishEndpoint": ""
            }
          },
          {
            "environment": {},
            "enabled": true,
            "continueOnError": false,
            "alwaysRun": false,
            "displayName": "NPM Install - Creative Exchange Build",
            "timeoutInMinutes": 0,
            "condition": "succeeded()",
            "task": {
              "id": "fe47e961-9fa8-4106-8639-368c022d43ad",
              "versionSpec": "1.*",
              "definitionType": "task"
            },
            "inputs": {
              "command": "install",
              "workingDir": "scripts/CreativeExchangeBuild",
              "verbose": "true",
              "customCommand": "",
              "customRegistry": "useNpmrc",
              "customFeed": "",
              "customEndpoint": "",
              "publishRegistry": "useExternalRegistry",
              "publishFeed": "",
              "publishPackageMetadata": "true",
              "publishEndpoint": ""
            }
          },
          {
            "environment": {},
            "enabled": true,
            "continueOnError": false,
            "alwaysRun": false,
            "displayName": "Replace cxBuildConfig.js with Environment Directories/Variables",
            "timeoutInMinutes": 0,
            "condition": "succeeded()",
            "task": {
              "id": "e213ff0f-5d5c-4791-802d-52ea3e7be1f1",
              "versionSpec": "2.*",
              "definitionType": "task"
            },
            "inputs": {
              "targetType": "inline",
              "filePath": "",
              "arguments": "",
              "script": "(Get-Content cxBuildConfig.js) | ForEach-Object { $_ -Replace \"C:\\\\inetpub\\\\wwwroot\\\\mortenson.local\",\"D:\\home\\site\\wwwroot\"} | Out-File cxBuildConfig.js -Encoding UTF8\n(Get-Content cxBuildConfig.js) | ForEach-Object { $_ -Replace \"DEV\",\"AZURE\"} | Out-File cxBuildConfig.js -Encoding UTF8",
              "errorActionPreference": "stop",
              "failOnStderr": "true",
              "ignoreLASTEXITCODE": "false",
              "pwsh": "false",
              "workingDirectory": "scripts/CreativeExchangeBuild"
            }
          },
          {
            "environment": {},
            "enabled": true,
            "continueOnError": false,
            "alwaysRun": false,
            "displayName": "Create Main Gulp Deploy Directory",
            "timeoutInMinutes": 0,
            "condition": "succeeded()",
            "task": {
              "id": "e213ff0f-5d5c-4791-802d-52ea3e7be1f1",
              "versionSpec": "2.*",
              "definitionType": "task"
            },
            "inputs": {
              "targetType": "inline",
              "filePath": "",
              "arguments": "",
              "script": "Try{New-Item -Path $(System.DefaultWorkingDirectory)\\gulp -ItemType Directory -ErrorAction Stop}Catch{Write-Output \"Directory Already Exists\"}",
              "errorActionPreference": "stop",
              "failOnStderr": "false",
              "ignoreLASTEXITCODE": "false",
              "pwsh": "false",
              "workingDirectory": ""
            }
          },
          {
            "environment": {},
            "enabled": true,
            "continueOnError": false,
            "alwaysRun": false,
            "displayName": "Update gulp-config.js Output Location",
            "timeoutInMinutes": 0,
            "condition": "succeeded()",
            "task": {
              "id": "e213ff0f-5d5c-4791-802d-52ea3e7be1f1",
              "versionSpec": "2.*",
              "definitionType": "task"
            },
            "inputs": {
              "targetType": "inline",
              "filePath": "",
              "arguments": "",
              "script": "(Get-Content gulp-config.js) | ForEach-Object {$_ -replace \"C:\\\\\\\\inetpub\\\\\\\\wwwroot\\\\\\\\mortenson.local\",\"D:\\\\a\\\\1\\\\s\\\\gulp\"} | out-file gulp-config.js -Encoding UTF8\n(Get-Content gulp-config.js) | ForEach-Object {$_ -replace \"Debug\",\"Release\"} | out-file gulp-config.js -Encoding UTF8",
              "errorActionPreference": "stop",
              "failOnStderr": "true",
              "ignoreLASTEXITCODE": "false",
              "pwsh": "false",
              "workingDirectory": ""
            }
          },
          {
            "environment": {},
            "enabled": true,
            "continueOnError": false,
            "alwaysRun": false,
            "displayName": "Gulp Deploy - Main Build",
            "timeoutInMinutes": 0,
            "condition": "succeeded()",
            "task": {
              "id": "b82cfbe4-34f9-40f5-889e-c8842ca9dd9d",
              "versionSpec": "0.*",
              "definitionType": "task"
            },
            "inputs": {
              "gulpFile": "gulpfile.js",
              "targets": "deploy",
              "arguments": "",
              "cwd": "",
              "gulpjs": "node_modules/gulp/bin/gulp.js",
              "publishJUnitResults": "false",
              "testResultsFiles": "**/TEST-*.xml",
              "testRunTitle": "",
              "enableCodeCoverage": "false",
              "testFramework": "Mocha",
              "srcFiles": "",
              "testFiles": "test/*.js"
            }
          },
          {
            "environment": {},
            "enabled": true,
            "continueOnError": false,
            "alwaysRun": false,
            "displayName": "Gulp Deploy - Creative Exchange Build",
            "timeoutInMinutes": 0,
            "condition": "succeeded()",
            "task": {
              "id": "b82cfbe4-34f9-40f5-889e-c8842ca9dd9d",
              "versionSpec": "0.*",
              "definitionType": "task"
            },
            "inputs": {
              "gulpFile": "scripts/CreativeExchangeBuild/gulpfile.esm.js",
              "targets": "build",
              "arguments": "",
              "cwd": "",
              "gulpjs": "node_modules/gulp/bin/gulp.js",
              "publishJUnitResults": "false",
              "testResultsFiles": "**/TEST-*.xml",
              "testRunTitle": "",
              "enableCodeCoverage": "false",
              "testFramework": "Mocha",
              "srcFiles": "",
              "testFiles": "test/*.js"
            }
          },
          {
            "environment": {},
            "enabled": true,
            "continueOnError": false,
            "alwaysRun": false,
            "displayName": "VsTest - testAssemblies",
            "timeoutInMinutes": 0,
            "condition": "succeeded()",
            "task": {
              "id": "ef087383-ee5e-42c7-9a53-ab56c98420f9",
              "versionSpec": "2.*",
              "definitionType": "task"
            },
            "inputs": {
              "testSelector": "testAssemblies",
              "testAssemblyVer2": "**\\*test*.dll\n!**\\*TestAdapter.dll\n!**\\obj\\**",
              "testPlan": "",
              "testSuite": "",
              "testConfiguration": "",
              "tcmTestRun": "$(test.RunId)",
              "searchFolder": "$(System.DefaultWorkingDirectory)",
              "resultsFolder": "$(Agent.TempDirectory)\\TestResults",
              "testFiltercriteria": "",
              "runOnlyImpactedTests": "False",
              "runAllTestsAfterXBuilds": "50",
              "uiTests": "false",
              "vstestLocationMethod": "version",
              "vsTestVersion": "latest",
              "vstestLocation": "",
              "runSettingsFile": "",
              "overrideTestrunParameters": "",
              "pathtoCustomTestAdapters": "",
              "runInParallel": "False",
              "runTestsInIsolation": "False",
              "codeCoverageEnabled": "False",
              "otherConsoleOptions": "",
              "distributionBatchType": "basedOnTestCases",
              "batchingBasedOnAgentsOption": "autoBatchSize",
              "customBatchSizeValue": "10",
              "batchingBasedOnExecutionTimeOption": "autoBatchSize",
              "customRunTimePerBatchValue": "60",
              "dontDistribute": "False",
              "testRunTitle": "",
              "platform": "",
              "configuration": "",
              "publishRunAttachments": "true",
              "failOnMinTestsNotRun": "False",
              "minimumExpectedTests": "1",
              "diagnosticsEnabled": "True",
              "collectDumpOn": "onAbortOnly",
              "rerunFailedTests": "False",
              "rerunType": "basedOnTestFailurePercentage",
              "rerunFailedThreshold": "30",
              "rerunFailedTestCasesMaxLimit": "5",
              "rerunMaxAttempts": "3"
            }
          },
          {
            "environment": {},
            "enabled": true,
            "continueOnError": false,
            "alwaysRun": false,
            "displayName": "Publish Test Results **/TEST-*.xml",
            "timeoutInMinutes": 0,
            "condition": "succeeded()",
            "task": {
              "id": "0b0f01ed-7dde-43ff-9cbb-e48954daf9b1",
              "versionSpec": "2.*",
              "definitionType": "task"
            },
            "inputs": {
              "testRunner": "NUnit",
              "testResultsFiles": "**/TEST-*.xml",
              "searchFolder": "$(System.DefaultWorkingDirectory)",
              "mergeTestResults": "false",
              "failTaskOnFailedTests": "false",
              "testRunTitle": "",
              "platform": "",
              "configuration": "",
              "publishRunAttachments": "true"
            }
          },
          {
            "environment": {},
            "enabled": true,
            "continueOnError": false,
            "alwaysRun": false,
            "displayName": "Copy Main Build Output",
            "timeoutInMinutes": 0,
            "condition": "succeeded()",
            "task": {
              "id": "5bfb729a-a7c8-4a78-a7c3-8d717bb7c13c",
              "versionSpec": "2.*",
              "definitionType": "task"
            },
            "inputs": {
              "SourceFolder": "$(System.DefaultWorkingDirectory)/gulp",
              "Contents": "**",
              "TargetFolder": "$(build.artifactstagingdirectory)\\Website",
              "CleanTargetFolder": "false",
              "OverWrite": "false",
              "flattenFolders": "false",
              "preserveTimestamp": "false"
            }
          },
          {
            "environment": {},
            "enabled": true,
            "continueOnError": false,
            "alwaysRun": false,
            "displayName": "Copy Creative Exchange Build Output",
            "timeoutInMinutes": 0,
            "condition": "succeeded()",
            "task": {
              "id": "5bfb729a-a7c8-4a78-a7c3-8d717bb7c13c",
              "versionSpec": "2.*",
              "definitionType": "task"
            },
            "inputs": {
              "SourceFolder": "scripts/CreativeExchangeBuild/build",
              "Contents": "-\\**",
              "TargetFolder": "$(build.artifactstagingdirectory)\\Website\\App_Data\\packages\\CreativeExchange\\FileStorage\\Site",
              "CleanTargetFolder": "false",
              "OverWrite": "false",
              "flattenFolders": "false",
              "preserveTimestamp": "false"
            }
          },
          {
            "environment": {},
            "enabled": true,
            "continueOnError": false,
            "alwaysRun": false,
            "displayName": "Copy Build Configuration Bits and Deployment Scripts",
            "timeoutInMinutes": 0,
            "condition": "succeeded()",
            "task": {
              "id": "5bfb729a-a7c8-4a78-a7c3-8d717bb7c13c",
              "versionSpec": "2.*",
              "definitionType": "task"
            },
            "inputs": {
              "SourceFolder": "",
              "Contents": "**\\bin\\$(BuildConfiguration)\\**\nscripts\\Unicorn\\**\nscripts\\Deployment\\**",
              "TargetFolder": "$(build.artifactstagingdirectory)",
              "CleanTargetFolder": "false",
              "OverWrite": "false",
              "flattenFolders": "false",
              "preserveTimestamp": "false"
            }
          },
          {
            "environment": {},
            "enabled": true,
            "continueOnError": false,
            "alwaysRun": false,
            "displayName": "Copy Unicorn Serialization Files",
            "timeoutInMinutes": 0,
            "condition": "succeeded()",
            "task": {
              "id": "5bfb729a-a7c8-4a78-a7c3-8d717bb7c13c",
              "versionSpec": "2.*",
              "definitionType": "task"
            },
            "inputs": {
              "SourceFolder": "src",
              "Contents": "**\\serialization\\**\n**\\content\\**\n**\\settings\\**",
              "TargetFolder": "$(build.artifactstagingdirectory)",
              "CleanTargetFolder": "false",
              "OverWrite": "false",
              "flattenFolders": "false",
              "preserveTimestamp": "false"
            }
          },
          {
            "environment": {},
            "enabled": false,
            "continueOnError": false,
            "alwaysRun": false,
            "displayName": "Copy Coveo CD zip files",
            "timeoutInMinutes": 0,
            "condition": "succeeded()",
            "task": {
              "id": "5bfb729a-a7c8-4a78-a7c3-8d717bb7c13c",
              "versionSpec": "2.*",
              "definitionType": "task"
            },
            "inputs": {
              "SourceFolder": "",
              "Contents": "lib\\Coveo\\Prod-CD-Coveo*.zip",
              "TargetFolder": "$(build.artifactstagingdirectory)",
              "CleanTargetFolder": "false",
              "OverWrite": "false",
              "flattenFolders": "false",
              "preserveTimestamp": "false"
            }
          },
          {
            "environment": {},
            "enabled": true,
            "continueOnError": false,
            "alwaysRun": false,
            "displayName": "Publish Artifact: drop",
            "timeoutInMinutes": 0,
            "condition": "succeeded()",
            "task": {
              "id": "2ff763a7-ce83-4e1f-bc89-0ae63477cebe",
              "versionSpec": "1.*",
              "definitionType": "task"
            },
            "inputs": {
              "PathtoPublish": "$(Build.ArtifactStagingDirectory)",
              "ArtifactName": "drop",
              "ArtifactType": "Container",
              "TargetPath": "",
              "Parallel": "false",
              "ParallelCount": "8",
              "FileCopyOptions": ""
            }
          }
        ],
        "name": "Phase 1",
        "refName": "Job_1",
        "condition": "succeeded()",
        "target": {
          "executionOptions": {
            "type": 0
          },
          "allowScriptsAuthAccessOption": false,
          "type": 1,
          "queue": "{}"
        },
        "jobAuthorizationScope": "projectCollection"
      }
    ],
    "target": {
      "agentSpecification": {
        "identifier": "vs2017-win2016"
      }
    },
    "type": 1
  },
  "repository": {
    "properties": {
      "cleanOptions": "0",
      "labelSources": "6",
      "labelSourcesFormat": "v$(VersionMajor).$(VersionMinor).$(VersionPatch).$(Build.BuildID)",
      "reportBuildStatus": "true",
      "gitLfsSupport": "false",
      "skipSyncSource": "false",
      "checkoutNestedSubmodules": "false",
      "fetchDepth": "0",
      "connectedServiceId": ""
    },
    "id": "$Mortenson$",
    "type": "TfsGit",
    "name": "Mortenson",
    "url": "",
    "defaultBranch": "refs/heads/master",
    "clean": "true",
    "checkoutSubmodules": false
  },
  "processParameters": {},
  "quality": "definition",
  "authoredBy": "{}",
  "drafts": [],
  "queue": {
    "_links": "{}",
    "id": "",
    "name": "Azure Pipelines",
    "url": "",
    "pool": {
      "id": "",
      "name": "Azure Pipelines",
      "isHosted": true
    }
  },
  "id": "",
  "name": "Mortenson.Master.CI",
  "url": "",
  "uri": "",
  "path": "\\",
  "type": "build",
  "queueStatus": "enabled",
  "revision": 34,
  "createdDate": "",
  "project": "{}"
}