{
  "count": 1,
  "value": [
    {
      "variables": {
        "AzureApplicationID": {
          "value": null,
          "isSecret": true
        },
        "singleInstanceName": {
          "value": "mortenson-stage-sc91u0-single"
        },
        "singleInstanceApiKey": {
          "value": null,
          "isSecret": true
        },
        "replyUrl": {
          "value": "stage.mortenson.com"
        },
        "resourceGroupName": {
          "value": "mortenson-stage-sc91u0"
        },
        "scAdminPass": {
          "value": null,
          "isSecret": true
        }
      },
      "id": "1",
      "type": "Vsts",
      "name": "Mortenson-Stage-SC91u0-VariableGroup",
      "isShared": false
    }
  ]
}