{
  "Extensions": [
    {
      "extensionName": "AWS Toolkit for Azure DevOps",
      "link": "<a href='https://marketplace.visualstudio.com/items?itemName=AmazonWebServices.aws-vsts-tools' target='_blank'><b>AWS Toolkit for Azure DevOps</b></a>",
      "publisherId": "AmazonWebServices",
      "extensionId": "aws-vsts-tools",
      "publisherName": "Amazon Web Services",
      "License": "<a href='https://marketplace.visualstudio.com/items?itemName=AmazonWebServices.aws-vsts-tools' target='_blank'>License Terms</a>"
    },
    {
      "extensionName": "Azure DevOps Open in Excel",
      "link": "<a href='https://marketplace.visualstudio.com/items?itemName=blueprint.vsts-open-work-items-in-excel' target='_blank'><b>Azure DevOps Open in Excel</b></a>",
      "publisherId": "blueprint",
      "extensionId": "vsts-open-work-items-in-excel",
      "publisherName": "Microsoft DevLabs",
      "License": "<a href='https://marketplace.visualstudio.com/items?itemName=blueprint.vsts-open-work-items-in-excel' target='_blank'>License Terms</a>"
    },
    {
      "extensionName": "Update Assembly Info",
      "link": "<a href='https://marketplace.visualstudio.com/items?itemName=bool.update-assembly-info' target='_blank'><b>Update Assembly Info</b></a>",
      "publisherId": "bool",
      "extensionId": "update-assembly-info",
      "publisherName": "Bool (by Sigma)",
      "License": "<a href='https://marketplace.visualstudio.com/items?itemName=bool.update-assembly-info' target='_blank'>License Terms</a>"
    },
    {
      "extensionName": "LightHouse CI",
      "link": "<a href='https://marketplace.visualstudio.com/items?itemName=gurucharan.lighthouse-ci' target='_blank'><b>LightHouse CI</b></a>",
      "publisherId": "gurucharan",
      "extensionId": "lighthouse-ci",
      "publisherName": "Gurucharan",
      "License": "<a href='https://marketplace.visualstudio.com/items?itemName=gurucharan.lighthouse-ci' target='_blank'>License Terms</a>"
    },
    {
      "extensionName": "Webapp Warmup",
      "link": "<a href='https://marketplace.visualstudio.com/items?itemName=infocaster.webapp-warmup' target='_blank'><b>Webapp Warmup</b></a>",
      "publisherId": "infocaster",
      "extensionId": "webapp-warmup",
      "publisherName": "Infocaster",
      "License": "<a href='https://marketplace.visualstudio.com/items?itemName=infocaster.webapp-warmup' target='_blank'>License Terms</a>"
    },
    {
      "extensionName": "Tag\\Branch Git on Release",
      "link": "<a href='https://marketplace.visualstudio.com/items?itemName=jabbera.git-tag-on-release-task' target='_blank'><b>Tag\\Branch Git on Release</b></a>",
      "publisherId": "jabbera",
      "extensionId": "git-tag-on-release-task",
      "publisherName": "Michael Barry",
      "License": "<a href='https://marketplace.visualstudio.com/items?itemName=jabbera.git-tag-on-release-task' target='_blank'>License Terms</a>"
    },
    {
      "extensionName": "Create and Complete Pull Request",
      "link": "<a href='https://marketplace.visualstudio.com/items?itemName=joebehrens.create-complete-pull-request' target='_blank'><b>Create and Complete Pull Request</b></a>",
      "publisherId": "joebehrens",
      "extensionId": "create-complete-pull-request",
      "publisherName": "Joe Behrens",
      "License": "<a href='https://marketplace.visualstudio.com/items?itemName=joebehrens.create-complete-pull-request' target='_blank'>License Terms</a>"
    },
    {
      "extensionName": "ARM Outputs",
      "link": "<a href='https://marketplace.visualstudio.com/items?itemName=keesschollaart.arm-outputs' target='_blank'><b>ARM Outputs</b></a>",
      "publisherId": "keesschollaart",
      "extensionId": "arm-outputs",
      "publisherName": "Kees Schollaart",
      "License": "<a href='https://marketplace.visualstudio.com/items?itemName=keesschollaart.arm-outputs' target='_blank'>License Terms</a>"
    },
    {
      "extensionName": "RegexReplace Azure Pipelines Task",
      "link": "<a href='https://marketplace.visualstudio.com/items?itemName=knom.regexreplace-task' target='_blank'><b>RegexReplace Azure Pipelines Task</b></a>",
      "publisherId": "knom",
      "extensionId": "regexreplace-task",
      "publisherName": "knom",
      "License": "<a href='https://marketplace.visualstudio.com/items?itemName=knom.regexreplace-task' target='_blank'>License Terms</a>"
    },
    {
      "extensionName": "Team Calendar",
      "link": "<a href='https://marketplace.visualstudio.com/items?itemName=ms-devlabs.team-calendar' target='_blank'><b>Team Calendar</b></a>",
      "publisherId": "ms-devlabs",
      "extensionId": "team-calendar",
      "publisherName": "Microsoft DevLabs",
      "License": "<a href='https://marketplace.visualstudio.com/items?itemName=ms-devlabs.team-calendar' target='_blank'>License Terms</a>"
    },
    {
      "extensionName": "Retrospectives",
      "link": "<a href='https://marketplace.visualstudio.com/items?itemName=ms-devlabs.team-retrospectives' target='_blank'><b>Retrospectives</b></a>",
      "publisherId": "ms-devlabs",
      "extensionId": "team-retrospectives",
      "publisherName": "Microsoft DevLabs",
      "License": "<a href='https://marketplace.visualstudio.com/items?itemName=ms-devlabs.team-retrospectives' target='_blank'>License Terms</a>"
    },
    {
      "extensionName": "Feature timeline and Epic Roadmap",
      "link": "<a href='https://marketplace.visualstudio.com/items?itemName=ms-devlabs.workitem-feature-timeline-extension' target='_blank'><b>Feature timeline and Epic Roadmap</b></a>",
      "publisherId": "ms-devlabs",
      "extensionId": "workitem-feature-timeline-extension",
      "publisherName": "Microsoft DevLabs",
      "License": "<a href='https://marketplace.visualstudio.com/items?itemName=ms-devlabs.workitem-feature-timeline-extension' target='_blank'>License Terms</a>"
    },
    {
      "extensionName": "Docker Integration",
      "link": "<a href='https://marketplace.visualstudio.com/items?itemName=ms-vscs-rm.docker' target='_blank'><b>Docker Integration</b></a>",
      "publisherId": "ms-vscs-rm",
      "extensionId": "docker",
      "publisherName": "Microsoft",
      "License": "<a href='https://marketplace.visualstudio.com/items?itemName=ms-vscs-rm.docker' target='_blank'>License Terms</a>"
    },
    {
      "extensionName": "Terraform",
      "link": "<a href='https://marketplace.visualstudio.com/items?itemName=petergroenewegen.PeterGroenewegen-Xpirit-Vsts-Release-Terraform' target='_blank'><b>Terraform</b></a>",
      "publisherId": "petergroenewegen",
      "extensionId": "PeterGroenewegen-Xpirit-Vsts-Release-Terraform",
      "publisherName": "Peter Groenewegen",
      "License": "<a href='https://marketplace.visualstudio.com/items?itemName=petergroenewegen.PeterGroenewegen-Xpirit-Vsts-Release-Terraform' target='_blank'>License Terms</a>"
    },
    {
      "extensionName": "Replace Tokens",
      "link": "<a href='https://marketplace.visualstudio.com/items?itemName=qetza.replacetokens' target='_blank'><b>Replace Tokens</b></a>",
      "publisherId": "qetza",
      "extensionId": "replacetokens",
      "publisherName": "Guillaume Rouchon",
      "License": "<a href='https://marketplace.visualstudio.com/items?itemName=qetza.replacetokens' target='_blank'>License Terms</a>"
    },
    {
      "extensionName": "XDT Transform",
      "link": "<a href='https://marketplace.visualstudio.com/items?itemName=qetza.xdttransform' target='_blank'><b>XDT Transform</b></a>",
      "publisherId": "qetza",
      "extensionId": "xdttransform",
      "publisherName": "Guillaume Rouchon",
      "License": "<a href='https://marketplace.visualstudio.com/items?itemName=qetza.xdttransform' target='_blank'>License Terms</a>"
    },
    {
      "extensionName": "(deprecated) StyleCop Runner Build Task",
      "link": "<a href='https://marketplace.visualstudio.com/items?itemName=richardfennellBM.BM-VSTS-StyleCop-Task' target='_blank'><b>(deprecated) StyleCop Runner Build Task</b></a>",
      "publisherId": "richardfennellBM",
      "extensionId": "BM-VSTS-StyleCop-Task",
      "publisherName": "Richard Fennell (Black Marble)",
      "License": "<a href='https://marketplace.visualstudio.com/items?itemName=richardfennellBM.BM-VSTS-StyleCop-Task' target='_blank'>License Terms</a>"
    },
    {
      "extensionName": "Magic Chunks",
      "link": "<a href='https://marketplace.visualstudio.com/items?itemName=sergeyzwezdin.magic-chunks' target='_blank'><b>Magic Chunks</b></a>",
      "publisherId": "sergeyzwezdin",
      "extensionId": "magic-chunks",
      "publisherName": "Sergey Zwezdin",
      "License": "<a href='https://marketplace.visualstudio.com/items?itemName=sergeyzwezdin.magic-chunks' target='_blank'>License Terms</a>"
    },
    {
      "extensionName": "SonarQube",
      "link": "<a href='https://marketplace.visualstudio.com/items?itemName=SonarSource.sonarqube' target='_blank'><b>SonarQube</b></a>",
      "publisherId": "SonarSource",
      "extensionId": "sonarqube",
      "publisherName": "SonarSource",
      "License": "<a href='https://marketplace.visualstudio.com/items?itemName=SonarSource.sonarqube' target='_blank'>License Terms</a>"
    },
    {
      "extensionName": "API Management Suite",
      "link": "<a href='https://marketplace.visualstudio.com/items?itemName=stephane-eyskens.apim' target='_blank'><b>API Management Suite</b></a>",
      "publisherId": "stephane-eyskens",
      "extensionId": "apim",
      "publisherName": "Stephane Eyskens",
      "License": "<a href='https://marketplace.visualstudio.com/items?itemName=stephane-eyskens.apim' target='_blank'>License Terms</a>"
    },
    {
      "extensionName": "7 Zip",
      "link": "<a href='https://marketplace.visualstudio.com/items?itemName=TotalALM.totalalm-7zip' target='_blank'><b>7 Zip</b></a>",
      "publisherId": "TotalALM",
      "extensionId": "totalalm-7zip",
      "publisherName": "Total ALM",
      "License": "<a href='https://marketplace.visualstudio.com/items?itemName=TotalALM.totalalm-7zip' target='_blank'>License Terms</a>"
    },
    {
      "extensionName": "Tokenization Task",
      "link": "<a href='https://marketplace.visualstudio.com/items?itemName=TotalALM.totalalm-tokenization' target='_blank'><b>Tokenization Task</b></a>",
      "publisherId": "TotalALM",
      "extensionId": "totalalm-tokenization",
      "publisherName": "Total ALM",
      "License": "<a href='https://marketplace.visualstudio.com/items?itemName=TotalALM.totalalm-tokenization' target='_blank'>License Terms</a>"
    },
    {
      "extensionName": "Kubernetes extension",
      "link": "<a href='https://marketplace.visualstudio.com/items?itemName=tsuyoshiushio.k8s-endpoint' target='_blank'><b>Kubernetes extension</b></a>",
      "publisherId": "tsuyoshiushio",
      "extensionId": "k8s-endpoint",
      "publisherName": "Tsuyoshi Ushio",
      "License": "<a href='https://marketplace.visualstudio.com/items?itemName=tsuyoshiushio.k8s-endpoint' target='_blank'>License Terms</a>"
    },
    {
      "extensionName": "Power DevOps Tools",
      "link": "<a href='https://marketplace.visualstudio.com/items?itemName=WaelHamze.xrm-ci-framework-build-tasks' target='_blank'><b>Power DevOps Tools</b></a>",
      "publisherId": "WaelHamze",
      "extensionId": "xrm-ci-framework-build-tasks",
      "publisherName": "Wael Hamze",
      "License": "<a href='https://marketplace.visualstudio.com/items?itemName=WaelHamze.xrm-ci-framework-build-tasks' target='_blank'>License Terms</a>"
    },
    {
      "extensionName": "Code Search",
      "link": "<a href='https://marketplace.visualstudio.com/items?itemName=ms.vss-code-search' target='_blank'><b>Code Search</b></a>",
      "publisherId": "ms",
      "extensionId": "vss-code-search",
      "publisherName": "Microsoft",
      "License": "<a href='https://marketplace.visualstudio.com/items?itemName=ms.vss-code-search' target='_blank'>License Terms</a>"
    },
    {
      "extensionName": "Delivery Plans",
      "link": "<a href='https://marketplace.visualstudio.com/items?itemName=ms.vss-plans' target='_blank'><b>Delivery Plans</b></a>",
      "publisherId": "ms",
      "extensionId": "vss-plans",
      "publisherName": "Microsoft",
      "License": "<a href='https://marketplace.visualstudio.com/items?itemName=ms.vss-plans' target='_blank'>License Terms</a>"
    }
  ]
}