{
  "children": [
    {
      "name": "Iteration 0",
      "structureType": "iteration",
      "hasChildren": false
    },
    {
      "name": "Iteration 1",
      "structureType": "iteration",
      "hasChildren": false
    },
    {
      "name": "Iteration 2",
      "structureType": "iteration",
      "hasChildren": false
    },
    {
      "name": "Iteration 3",
      "structureType": "iteration",
      "hasChildren": false
    },
    {
      "name": "Iteration 4",
      "structureType": "iteration",
      "hasChildren": false
    },
    {
      "name": "Iteration 5",
      "structureType": "iteration",
      "hasChildren": false
    },
    {
      "name": "Iteration 6",
      "structureType": "iteration",
      "hasChildren": false
    },
    {
      "name": "Iteration 7",
      "structureType": "iteration",
      "hasChildren": false
    },
    {
      "name": "Iteration 8",
      "structureType": "iteration",
      "hasChildren": false
    },
    {
      "name": "Iteration 9",
      "structureType": "iteration",
      "hasChildren": false
    }
  ],
  "name": "Mortenson",
  "structureType": "iteration",
  "hasChildren": true
}